---- REPACK Tue Feb 24 23:44:12 CET 2026 ----
cwd=C:\Users\kuehn\Desktop\Chatty Projekt\FuckUSurvivall Projekt\FuckUSurvival Stable 0.064\fus049_work
cmd=[cmd, /c, C:\Users\kuehn\Desktop\Chatty Projekt\FuckUSurvivall Projekt\FuckUSurvival Stable 0.064\fus049_work\gradlew.bat, packAtlas]
To honour the JVM settings for this build a single-use Daemon process will be forked. For more on this, please refer to https://docs.gradle.org/9.5.0-milestone-2/userguide/gradle_daemon.html#sec:disabling_the_daemon in the Gradle documentation.
Daemon will be stopped at the end of the build 

> Task :packAtlas
Reading: C:\Users\kuehn\Desktop\Chatty Projekt\FuckUSurvivall Projekt\FuckUSurvival Stable 0.064\fus049_work\assets\atlas\src
node_herbs (alias of node_bush)
player_idle_E_3 (alias of player_idle_E_1)
player_idle_E_4 (alias of player_idle_E_1)
player_idle_E_5 (alias of player_idle_E_1)
player_idle_N_3 (alias of player_idle_N_1)
player_idle_N_4 (alias of player_idle_N_0)
player_idle_S_3 (alias of player_idle_S_1)
player_idle_S_4 (alias of player_idle_S_0)
player_idle_W_3 (alias of player_idle_W_1)
player_idle_W_4 (alias of player_idle_W_0)
water_fill_0 (alias of node_fish_spot)
Packing.........
Packing.........
Packing.........
Writing 1024x1024: C:\Users\kuehn\Desktop\Chatty Projekt\FuckUSurvivall Projekt\FuckUSurvival Stable 0.064\fus049_work\assets\atlas\game.png
Writing 1024x1024: C:\Users\kuehn\Desktop\Chatty Projekt\FuckUSurvivall Projekt\FuckUSurvival Stable 0.064\fus049_work\assets\atlas\game2.png
Writing 1024x1024: C:\Users\kuehn\Desktop\Chatty Projekt\FuckUSurvivall Projekt\FuckUSurvival Stable 0.064\fus049_work\assets\atlas\game3.png

BUILD SUCCESSFUL in 10s
1 actionable task: 1 executed
Consider enabling configuration cache to speed up this build: https://docs.gradle.org/9.5.0-milestone-2/userguide/configuration_cache_enabling.html
---- REPACK Tue Feb 24 23:44:44 CET 2026 ----
cwd=C:\Users\kuehn\Desktop\Chatty Projekt\FuckUSurvivall Projekt\FuckUSurvival Stable 0.064\fus049_work
cmd=[cmd, /c, C:\Users\kuehn\Desktop\Chatty Projekt\FuckUSurvivall Projekt\FuckUSurvival Stable 0.064\fus049_work\gradlew.bat, packAtlas]
To honour the JVM settings for this build a single-use Daemon process will be forked. For more on this, please refer to https://docs.gradle.org/9.5.0-milestone-2/userguide/gradle_daemon.html#sec:disabling_the_daemon in the Gradle documentation.
Daemon will be stopped at the end of the build 

> Task :packAtlas
Reading: C:\Users\kuehn\Desktop\Chatty Projekt\FuckUSurvivall Projekt\FuckUSurvival Stable 0.064\fus049_work\assets\atlas\src
node_herbs (alias of node_bush)
player_idle_E_3 (alias of player_idle_E_1)
player_idle_E_4 (alias of player_idle_E_1)
player_idle_E_5 (alias of player_idle_E_1)
player_idle_N_3 (alias of player_idle_N_1)
player_idle_N_4 (alias of player_idle_N_0)
player_idle_S_3 (alias of player_idle_S_1)
player_idle_S_4 (alias of player_idle_S_0)
player_idle_W_3 (alias of player_idle_W_1)
player_idle_W_4 (alias of player_idle_W_0)
water_fill_0 (alias of node_fish_spot)
Packing.........
Packing.........
Packing.........
Writing 1024x1024: C:\Users\kuehn\Desktop\Chatty Projekt\FuckUSurvivall Projekt\FuckUSurvival Stable 0.064\fus049_work\assets\atlas\game.png
Writing 1024x1024: C:\Users\kuehn\Desktop\Chatty Projekt\FuckUSurvivall Projekt\FuckUSurvival Stable 0.064\fus049_work\assets\atlas\game2.png
Writing 1024x1024: C:\Users\kuehn\Desktop\Chatty Projekt\FuckUSurvivall Projekt\FuckUSurvival Stable 0.064\fus049_work\assets\atlas\game3.png

BUILD SUCCESSFUL in 10s
1 actionable task: 1 executed
Consider enabling configuration cache to speed up this build: https://docs.gradle.org/9.5.0-milestone-2/userguide/configuration_cache_enabling.html
---- REPACK Tue Feb 24 23:45:04 CET 2026 ----
cwd=C:\Users\kuehn\Desktop\Chatty Projekt\FuckUSurvivall Projekt\FuckUSurvival Stable 0.064\fus049_work
cmd=[cmd, /c, C:\Users\kuehn\Desktop\Chatty Projekt\FuckUSurvivall Projekt\FuckUSurvival Stable 0.064\fus049_work\gradlew.bat, packAtlas]
To honour the JVM settings for this build a single-use Daemon process will be forked. For more on this, please refer to https://docs.gradle.org/9.5.0-milestone-2/userguide/gradle_daemon.html#sec:disabling_the_daemon in the Gradle documentation.
Daemon will be stopped at the end of the build 

> Task :packAtlas
Reading: C:\Users\kuehn\Desktop\Chatty Projekt\FuckUSurvivall Projekt\FuckUSurvival Stable 0.064\fus049_work\assets\atlas\src
node_herbs (alias of node_bush)
player_idle_E_3 (alias of player_idle_E_1)
player_idle_E_4 (alias of player_idle_E_1)
player_idle_E_5 (alias of player_idle_E_1)
player_idle_N_3 (alias of player_idle_N_1)
player_idle_N_4 (alias of player_idle_N_0)
player_idle_S_3 (alias of player_idle_S_1)
player_idle_S_4 (alias of player_idle_S_0)
player_idle_W_3 (alias of player_idle_W_1)
player_idle_W_4 (alias of player_idle_W_0)
water_fill_0 (alias of node_fish_spot)
Packing.........
Packing.........
Packing.........
Writing 1024x1024: C:\Users\kuehn\Desktop\Chatty Projekt\FuckUSurvivall Projekt\FuckUSurvival Stable 0.064\fus049_work\assets\atlas\game.png
Writing 1024x1024: C:\Users\kuehn\Desktop\Chatty Projekt\FuckUSurvivall Projekt\FuckUSurvival Stable 0.064\fus049_work\assets\atlas\game2.png
Writing 1024x1024: C:\Users\kuehn\Desktop\Chatty Projekt\FuckUSurvivall Projekt\FuckUSurvival Stable 0.064\fus049_work\assets\atlas\game3.png

BUILD SUCCESSFUL in 10s
1 actionable task: 1 executed
Consider enabling configuration cache to speed up this build: https://docs.gradle.org/9.5.0-milestone-2/userguide/configuration_cache_enabling.html
---- REPACK Tue Feb 24 23:45:23 CET 2026 ----
cwd=C:\Users\kuehn\Desktop\Chatty Projekt\FuckUSurvivall Projekt\FuckUSurvival Stable 0.064\fus049_work
cmd=[cmd, /c, C:\Users\kuehn\Desktop\Chatty Projekt\FuckUSurvivall Projekt\FuckUSurvival Stable 0.064\fus049_work\gradlew.bat, packAtlas]
To honour the JVM settings for this build a single-use Daemon process will be forked. For more on this, please refer to https://docs.gradle.org/9.5.0-milestone-2/userguide/gradle_daemon.html#sec:disabling_the_daemon in the Gradle documentation.
Daemon will be stopped at the end of the build 

> Task :packAtlas
Reading: C:\Users\kuehn\Desktop\Chatty Projekt\FuckUSurvivall Projekt\FuckUSurvival Stable 0.064\fus049_work\assets\atlas\src
node_herbs (alias of node_bush)
player_idle_E_3 (alias of player_idle_E_1)
player_idle_E_4 (alias of player_idle_E_1)
player_idle_E_5 (alias of player_idle_E_1)
player_idle_N_3 (alias of player_idle_N_1)
player_idle_N_4 (alias of player_idle_N_0)
player_idle_S_3 (alias of player_idle_S_1)
player_idle_S_4 (alias of player_idle_S_0)
player_idle_W_3 (alias of player_idle_W_1)
player_idle_W_4 (alias of player_idle_W_0)
water_fill_0 (alias of node_fish_spot)
Packing.........
Packing.........
Packing.........
Writing 1024x1024: C:\Users\kuehn\Desktop\Chatty Projekt\FuckUSurvivall Projekt\FuckUSurvival Stable 0.064\fus049_work\assets\atlas\game.png
Writing 1024x1024: C:\Users\kuehn\Desktop\Chatty Projekt\FuckUSurvivall Projekt\FuckUSurvival Stable 0.064\fus049_work\assets\atlas\game2.png
Writing 1024x1024: C:\Users\kuehn\Desktop\Chatty Projekt\FuckUSurvivall Projekt\FuckUSurvival Stable 0.064\fus049_work\assets\atlas\game3.png

BUILD SUCCESSFUL in 9s
1 actionable task: 1 executed
Consider enabling configuration cache to speed up this build: https://docs.gradle.org/9.5.0-milestone-2/userguide/configuration_cache_enabling.html
---- REPACK Tue Feb 24 23:47:18 CET 2026 ----
cwd=C:\Users\kuehn\Desktop\Chatty Projekt\FuckUSurvivall Projekt\FuckUSurvival Stable 0.064\fus049_work
cmd=[cmd, /c, C:\Users\kuehn\Desktop\Chatty Projekt\FuckUSurvivall Projekt\FuckUSurvival Stable 0.064\fus049_work\gradlew.bat, packAtlas]
To honour the JVM settings for this build a single-use Daemon process will be forked. For more on this, please refer to https://docs.gradle.org/9.5.0-milestone-2/userguide/gradle_daemon.html#sec:disabling_the_daemon in the Gradle documentation.
Daemon will be stopped at the end of the build 

> Task :packAtlas
Reading: C:\Users\kuehn\Desktop\Chatty Projekt\FuckUSurvivall Projekt\FuckUSurvival Stable 0.064\fus049_work\assets\atlas\src
merchant_elf_idle_O_1 (alias of merchant_elf_idle_E_1)
merchant_elf_idle_O_2 (alias of merchant_elf_idle_E_2)
merchant_elf_idle_O_3 (alias of merchant_elf_idle_E_3)
merchant_elf_idle_O_4 (alias of merchant_elf_idle_E_4)
merchant_elf_idle_S_5 (alias of merchant_elf_idle_N_2)
merchant_elf_idle_W_1 (alias of merchant_elf_idle_0)
node_herbs (alias of node_bush)
player_idle_E_3 (alias of player_idle_E_1)
player_idle_E_4 (alias of player_idle_E_1)
player_idle_E_5 (alias of player_idle_E_1)
player_idle_N_3 (alias of player_idle_N_1)
player_idle_N_4 (alias of player_idle_N_0)
player_idle_S_3 (alias of player_idle_S_1)
player_idle_S_4 (alias of player_idle_S_0)
player_idle_W_3 (alias of player_idle_W_1)
player_idle_W_4 (alias of player_idle_W_0)
water_fill_0 (alias of node_fish_spot)
Packing.........
Packing.........
Packing.........
Writing 1024x1024: C:\Users\kuehn\Desktop\Chatty Projekt\FuckUSurvivall Projekt\FuckUSurvival Stable 0.064\fus049_work\assets\atlas\game.png
Writing 1024x1024: C:\Users\kuehn\Desktop\Chatty Projekt\FuckUSurvivall Projekt\FuckUSurvival Stable 0.064\fus049_work\assets\atlas\game2.png
Writing 1024x1024: C:\Users\kuehn\Desktop\Chatty Projekt\FuckUSurvivall Projekt\FuckUSurvival Stable 0.064\fus049_work\assets\atlas\game3.png

BUILD SUCCESSFUL in 10s
1 actionable task: 1 executed
Consider enabling configuration cache to speed up this build: https://docs.gradle.org/9.5.0-milestone-2/userguide/configuration_cache_enabling.html
---- REPACK Tue Feb 24 23:47:33 CET 2026 ----
cwd=C:\Users\kuehn\Desktop\Chatty Projekt\FuckUSurvivall Projekt\FuckUSurvival Stable 0.064\fus049_work
cmd=[cmd, /c, C:\Users\kuehn\Desktop\Chatty Projekt\FuckUSurvivall Projekt\FuckUSurvival Stable 0.064\fus049_work\gradlew.bat, packAtlas]
To honour the JVM settings for this build a single-use Daemon process will be forked. For more on this, please refer to https://docs.gradle.org/9.5.0-milestone-2/userguide/gradle_daemon.html#sec:disabling_the_daemon in the Gradle documentation.
Daemon will be stopped at the end of the build 

> Task :packAtlas
Reading: C:\Users\kuehn\Desktop\Chatty Projekt\FuckUSurvivall Projekt\FuckUSurvival Stable 0.064\fus049_work\assets\atlas\src
merchant_elf_idle_O_1 (alias of merchant_elf_idle_E_1)
merchant_elf_idle_O_2 (alias of merchant_elf_idle_E_2)
merchant_elf_idle_O_3 (alias of merchant_elf_idle_E_3)
merchant_elf_idle_O_4 (alias of merchant_elf_idle_E_4)
merchant_elf_idle_S_5 (alias of merchant_elf_idle_N_2)
merchant_elf_idle_W_1 (alias of merchant_elf_idle_0)
node_herbs (alias of node_bush)
player_idle_E_3 (alias of player_idle_E_1)
player_idle_E_4 (alias of player_idle_E_1)
player_idle_E_5 (alias of player_idle_E_1)
player_idle_N_3 (alias of player_idle_N_1)
player_idle_N_4 (alias of player_idle_N_0)
player_idle_S_3 (alias of player_idle_S_1)
player_idle_S_4 (alias of player_idle_S_0)
player_idle_W_3 (alias of player_idle_W_1)
player_idle_W_4 (alias of player_idle_W_0)
water_fill_0 (alias of node_fish_spot)
Packing.........
Packing.........
Packing.........
Writing 1024x1024: C:\Users\kuehn\Desktop\Chatty Projekt\FuckUSurvivall Projekt\FuckUSurvival Stable 0.064\fus049_work\assets\atlas\game.png
Writing 1024x1024: C:\Users\kuehn\Desktop\Chatty Projekt\FuckUSurvivall Projekt\FuckUSurvival Stable 0.064\fus049_work\assets\atlas\game2.png
Writing 1024x1024: C:\Users\kuehn\Desktop\Chatty Projekt\FuckUSurvivall Projekt\FuckUSurvival Stable 0.064\fus049_work\assets\atlas\game3.png

BUILD SUCCESSFUL in 10s
1 actionable task: 1 executed
Consider enabling configuration cache to speed up this build: https://docs.gradle.org/9.5.0-milestone-2/userguide/configuration_cache_enabling.html
---- REPACK Tue Feb 24 23:48:45 CET 2026 ----
cwd=C:\Users\kuehn\Desktop\Chatty Projekt\FuckUSurvivall Projekt\FuckUSurvival Stable 0.064\fus049_work
cmd=[cmd, /c, C:\Users\kuehn\Desktop\Chatty Projekt\FuckUSurvivall Projekt\FuckUSurvival Stable 0.064\fus049_work\gradlew.bat, packAtlas]
To honour the JVM settings for this build a single-use Daemon process will be forked. For more on this, please refer to https://docs.gradle.org/9.5.0-milestone-2/userguide/gradle_daemon.html#sec:disabling_the_daemon in the Gradle documentation.
Daemon will be stopped at the end of the build 

> Task :packAtlas
Reading: C:\Users\kuehn\Desktop\Chatty Projekt\FuckUSurvivall Projekt\FuckUSurvival Stable 0.064\fus049_work\assets\atlas\src
merchant_elf_idle_O_1 (alias of merchant_elf_idle_E_1)
merchant_elf_idle_O_2 (alias of merchant_elf_idle_E_2)
merchant_elf_idle_O_3 (alias of merchant_elf_idle_E_3)
merchant_elf_idle_O_4 (alias of merchant_elf_idle_E_4)
merchant_elf_idle_S_5 (alias of merchant_elf_idle_N_2)
merchant_elf_idle_W_1 (alias of merchant_elf_idle_0)
merchant_elf_idle_W_2 (alias of merchant_elf_idle)
node_herbs (alias of node_bush)
player_idle_E_3 (alias of player_idle_E_1)
player_idle_E_4 (alias of player_idle_E_1)
player_idle_E_5 (alias of player_idle_E_1)
player_idle_N_3 (alias of player_idle_N_1)
player_idle_N_4 (alias of player_idle_N_0)
player_idle_S_3 (alias of player_idle_S_1)
player_idle_S_4 (alias of player_idle_S_0)
player_idle_W_3 (alias of player_idle_W_1)
player_idle_W_4 (alias of player_idle_W_0)
water_fill_0 (alias of node_fish_spot)
Packing.........
Packing.........
Packing.........
Writing 1024x1024: C:\Users\kuehn\Desktop\Chatty Projekt\FuckUSurvivall Projekt\FuckUSurvival Stable 0.064\fus049_work\assets\atlas\game.png
Writing 1024x1024: C:\Users\kuehn\Desktop\Chatty Projekt\FuckUSurvivall Projekt\FuckUSurvival Stable 0.064\fus049_work\assets\atlas\game2.png
Writing 1024x1024: C:\Users\kuehn\Desktop\Chatty Projekt\FuckUSurvivall Projekt\FuckUSurvival Stable 0.064\fus049_work\assets\atlas\game3.png

BUILD SUCCESSFUL in 9s
1 actionable task: 1 executed
Consider enabling configuration cache to speed up this build: https://docs.gradle.org/9.5.0-milestone-2/userguide/configuration_cache_enabling.html
---- REPACK Tue Feb 24 23:50:06 CET 2026 ----
cwd=C:\Users\kuehn\Desktop\Chatty Projekt\FuckUSurvivall Projekt\FuckUSurvival Stable 0.064\fus049_work
cmd=[cmd, /c, C:\Users\kuehn\Desktop\Chatty Projekt\FuckUSurvivall Projekt\FuckUSurvival Stable 0.064\fus049_work\gradlew.bat, packAtlas]
To honour the JVM settings for this build a single-use Daemon process will be forked. For more on this, please refer to https://docs.gradle.org/9.5.0-milestone-2/userguide/gradle_daemon.html#sec:disabling_the_daemon in the Gradle documentation.
Daemon will be stopped at the end of the build 

> Task :packAtlas
Reading: C:\Users\kuehn\Desktop\Chatty Projekt\FuckUSurvivall Projekt\FuckUSurvival Stable 0.064\fus049_work\assets\atlas\src
merchant_elf_idle_1 (alias of merchant_elf_idle)
merchant_elf_idle_O_1 (alias of merchant_elf_idle_E_1)
merchant_elf_idle_O_2 (alias of merchant_elf_idle_E_2)
merchant_elf_idle_O_3 (alias of merchant_elf_idle_E_3)
merchant_elf_idle_O_4 (alias of merchant_elf_idle_E_4)
merchant_elf_idle_S_5 (alias of merchant_elf_idle_N_2)
merchant_elf_idle_W_1 (alias of merchant_elf_idle_0)
merchant_elf_idle_W_3 (alias of merchant_elf_idle)
node_herbs (alias of node_bush)
player_idle_E_3 (alias of player_idle_E_1)
player_idle_E_4 (alias of player_idle_E_1)
player_idle_E_5 (alias of player_idle_E_1)
player_idle_N_3 (alias of player_idle_N_1)
player_idle_N_4 (alias of player_idle_N_0)
player_idle_S_3 (alias of player_idle_S_1)
player_idle_S_4 (alias of player_idle_S_0)
player_idle_W_3 (alias of player_idle_W_1)
player_idle_W_4 (alias of player_idle_W_0)
water_fill_0 (alias of node_fish_spot)
Packing.........
Packing.........
Packing.........
Writing 1024x1024: C:\Users\kuehn\Desktop\Chatty Projekt\FuckUSurvivall Projekt\FuckUSurvival Stable 0.064\fus049_work\assets\atlas\game.png
Writing 1024x1024: C:\Users\kuehn\Desktop\Chatty Projekt\FuckUSurvivall Projekt\FuckUSurvival Stable 0.064\fus049_work\assets\atlas\game2.png
Writing 1024x1024: C:\Users\kuehn\Desktop\Chatty Projekt\FuckUSurvivall Projekt\FuckUSurvival Stable 0.064\fus049_work\assets\atlas\game3.png

BUILD SUCCESSFUL in 10s
1 actionable task: 1 executed
Consider enabling configuration cache to speed up this build: https://docs.gradle.org/9.5.0-milestone-2/userguide/configuration_cache_enabling.html
---- REPACK Tue Feb 24 23:51:46 CET 2026 ----
cwd=C:\Users\kuehn\Desktop\Chatty Projekt\FuckUSurvivall Projekt\FuckUSurvival Stable 0.064\fus049_work
cmd=[cmd, /c, C:\Users\kuehn\Desktop\Chatty Projekt\FuckUSurvivall Projekt\FuckUSurvival Stable 0.064\fus049_work\gradlew.bat, packAtlas]
To honour the JVM settings for this build a single-use Daemon process will be forked. For more on this, please refer to https://docs.gradle.org/9.5.0-milestone-2/userguide/gradle_daemon.html#sec:disabling_the_daemon in the Gradle documentation.
Daemon will be stopped at the end of the build 

> Task :packAtlas
Reading: C:\Users\kuehn\Desktop\Chatty Projekt\FuckUSurvivall Projekt\FuckUSurvival Stable 0.064\fus049_work\assets\atlas\src
merchant_elf_idle_1 (alias of merchant_elf_idle)
merchant_elf_idle_O_1 (alias of merchant_elf_idle_E_1)
merchant_elf_idle_O_2 (alias of merchant_elf_idle_E_2)
merchant_elf_idle_O_3 (alias of merchant_elf_idle_E_3)
merchant_elf_idle_O_4 (alias of merchant_elf_idle_E_4)
merchant_elf_idle_S_5 (alias of merchant_elf_idle_N_2)
merchant_elf_idle_W_1 (alias of merchant_elf_idle_0)
merchant_elf_idle_W_3 (alias of merchant_elf_idle)
node_herbs (alias of node_bush)
player_idle_E_3 (alias of player_idle_E_1)
player_idle_E_4 (alias of player_idle_E_1)
player_idle_E_5 (alias of player_idle_E_1)
player_idle_N_3 (alias of player_idle_N_1)
player_idle_N_4 (alias of player_idle_N_0)
player_idle_S_3 (alias of player_idle_S_1)
player_idle_S_4 (alias of player_idle_S_0)
player_idle_W_3 (alias of player_idle_W_1)
player_idle_W_4 (alias of player_idle_W_0)
water_fill_0 (alias of node_fish_spot)
Packing.........
Packing.........
Packing.........
Writing 1024x1024: C:\Users\kuehn\Desktop\Chatty Projekt\FuckUSurvivall Projekt\FuckUSurvival Stable 0.064\fus049_work\assets\atlas\game.png
Writing 1024x1024: C:\Users\kuehn\Desktop\Chatty Projekt\FuckUSurvivall Projekt\FuckUSurvival Stable 0.064\fus049_work\assets\atlas\game2.png
Writing 1024x1024: C:\Users\kuehn\Desktop\Chatty Projekt\FuckUSurvivall Projekt\FuckUSurvival Stable 0.064\fus049_work\assets\atlas\game3.png

BUILD SUCCESSFUL in 9s
1 actionable task: 1 executed
Consider enabling configuration cache to speed up this build: https://docs.gradle.org/9.5.0-milestone-2/userguide/configuration_cache_enabling.html
---- REPACK Tue Feb 24 23:52:19 CET 2026 ----
cwd=C:\Users\kuehn\Desktop\Chatty Projekt\FuckUSurvivall Projekt\FuckUSurvival Stable 0.064\fus049_work
cmd=[cmd, /c, C:\Users\kuehn\Desktop\Chatty Projekt\FuckUSurvivall Projekt\FuckUSurvival Stable 0.064\fus049_work\gradlew.bat, packAtlas]
To honour the JVM settings for this build a single-use Daemon process will be forked. For more on this, please refer to https://docs.gradle.org/9.5.0-milestone-2/userguide/gradle_daemon.html#sec:disabling_the_daemon in the Gradle documentation.
Daemon will be stopped at the end of the build 

> Task :packAtlas
Reading: C:\Users\kuehn\Desktop\Chatty Projekt\FuckUSurvivall Projekt\FuckUSurvival Stable 0.064\fus049_work\assets\atlas\src
merchant_elf_idle_0 (alias of merchant_elf_idle)
merchant_elf_idle_1 (alias of merchant_elf_idle)
merchant_elf_idle_O_1 (alias of merchant_elf_idle_E_1)
merchant_elf_idle_O_2 (alias of merchant_elf_idle_E_2)
merchant_elf_idle_O_3 (alias of merchant_elf_idle_E_3)
merchant_elf_idle_O_4 (alias of merchant_elf_idle_E_4)
merchant_elf_idle_S_5 (alias of merchant_elf_idle_N_2)
merchant_elf_idle_W_3 (alias of merchant_elf_idle)
node_herbs (alias of node_bush)
player_idle_E_3 (alias of player_idle_E_1)
player_idle_E_4 (alias of player_idle_E_1)
player_idle_E_5 (alias of player_idle_E_1)
player_idle_N_3 (alias of player_idle_N_1)
player_idle_N_4 (alias of player_idle_N_0)
player_idle_S_3 (alias of player_idle_S_1)
player_idle_S_4 (alias of player_idle_S_0)
player_idle_W_3 (alias of player_idle_W_1)
player_idle_W_4 (alias of player_idle_W_0)
water_fill_0 (alias of node_fish_spot)
Packing.........
Packing.........
Packing.........
Writing 1024x1024: C:\Users\kuehn\Desktop\Chatty Projekt\FuckUSurvivall Projekt\FuckUSurvival Stable 0.064\fus049_work\assets\atlas\game.png
Writing 1024x1024: C:\Users\kuehn\Desktop\Chatty Projekt\FuckUSurvivall Projekt\FuckUSurvival Stable 0.064\fus049_work\assets\atlas\game2.png
Writing 1024x1024: C:\Users\kuehn\Desktop\Chatty Projekt\FuckUSurvivall Projekt\FuckUSurvival Stable 0.064\fus049_work\assets\atlas\game3.png

BUILD SUCCESSFUL in 9s
1 actionable task: 1 executed
Consider enabling configuration cache to speed up this build: https://docs.gradle.org/9.5.0-milestone-2/userguide/configuration_cache_enabling.html
---- REPACK Tue Feb 24 23:53:17 CET 2026 ----
cwd=C:\Users\kuehn\Desktop\Chatty Projekt\FuckUSurvivall Projekt\FuckUSurvival Stable 0.064\fus049_work
cmd=[cmd, /c, C:\Users\kuehn\Desktop\Chatty Projekt\FuckUSurvivall Projekt\FuckUSurvival Stable 0.064\fus049_work\gradlew.bat, packAtlas]
To honour the JVM settings for this build a single-use Daemon process will be forked. For more on this, please refer to https://docs.gradle.org/9.5.0-milestone-2/userguide/gradle_daemon.html#sec:disabling_the_daemon in the Gradle documentation.
Daemon will be stopped at the end of the build 

> Task :packAtlas
Reading: C:\Users\kuehn\Desktop\Chatty Projekt\FuckUSurvivall Projekt\FuckUSurvival Stable 0.064\fus049_work\assets\atlas\src
merchant_elf_idle_0 (alias of merchant_elf_idle)
merchant_elf_idle_1 (alias of merchant_elf_idle)
merchant_elf_idle_O_1 (alias of merchant_elf_idle_E_1)
merchant_elf_idle_O_2 (alias of merchant_elf_idle_E_2)
merchant_elf_idle_O_3 (alias of merchant_elf_idle_E_3)
merchant_elf_idle_O_4 (alias of merchant_elf_idle_E_4)
merchant_elf_idle_S_5 (alias of merchant_elf_idle_N_2)
merchant_elf_idle_W_3 (alias of merchant_elf_idle)
node_herbs (alias of node_bush)
player_idle_E_3 (alias of player_idle_E_1)
player_idle_E_4 (alias of player_idle_E_1)
player_idle_E_5 (alias of player_idle_E_1)
player_idle_N_3 (alias of player_idle_N_1)
player_idle_N_4 (alias of player_idle_N_0)
player_idle_S_3 (alias of player_idle_S_1)
player_idle_S_4 (alias of player_idle_S_0)
player_idle_W_3 (alias of player_idle_W_1)
player_idle_W_4 (alias of player_idle_W_0)
water_fill_0 (alias of node_fish_spot)
Packing.........
Packing.........
Packing.........
Writing 1024x1024: C:\Users\kuehn\Desktop\Chatty Projekt\FuckUSurvivall Projekt\FuckUSurvival Stable 0.064\fus049_work\assets\atlas\game.png
Writing 1024x1024: C:\Users\kuehn\Desktop\Chatty Projekt\FuckUSurvivall Projekt\FuckUSurvival Stable 0.064\fus049_work\assets\atlas\game2.png
Writing 1024x1024: C:\Users\kuehn\Desktop\Chatty Projekt\FuckUSurvivall Projekt\FuckUSurvival Stable 0.064\fus049_work\assets\atlas\game3.png

BUILD SUCCESSFUL in 9s
1 actionable task: 1 executed
Consider enabling configuration cache to speed up this build: https://docs.gradle.org/9.5.0-milestone-2/userguide/configuration_cache_enabling.html
---- REPACK Tue Feb 24 23:54:46 CET 2026 ----
cwd=C:\Users\kuehn\Desktop\Chatty Projekt\FuckUSurvivall Projekt\FuckUSurvival Stable 0.064\fus049_work
cmd=[cmd, /c, C:\Users\kuehn\Desktop\Chatty Projekt\FuckUSurvivall Projekt\FuckUSurvival Stable 0.064\fus049_work\gradlew.bat, packAtlas]
To honour the JVM settings for this build a single-use Daemon process will be forked. For more on this, please refer to https://docs.gradle.org/9.5.0-milestone-2/userguide/gradle_daemon.html#sec:disabling_the_daemon in the Gradle documentation.
Daemon will be stopped at the end of the build 

> Task :packAtlas
Reading: C:\Users\kuehn\Desktop\Chatty Projekt\FuckUSurvivall Projekt\FuckUSurvival Stable 0.064\fus049_work\assets\atlas\src
merchant_elf_idle_1 (alias of merchant_elf_idle)
merchant_elf_idle_O_1 (alias of merchant_elf_idle_E_1)
merchant_elf_idle_O_2 (alias of merchant_elf_idle_E_2)
merchant_elf_idle_O_3 (alias of merchant_elf_idle_E_3)
merchant_elf_idle_O_4 (alias of merchant_elf_idle_E_4)
merchant_elf_idle_S_5 (alias of merchant_elf_idle_N_2)
merchant_elf_idle_W_3 (alias of merchant_elf_idle)
merchant_elf_idle_W_4 (alias of merchant_elf_idle_0)
node_herbs (alias of node_bush)
player_idle_E_3 (alias of player_idle_E_1)
player_idle_E_4 (alias of player_idle_E_1)
player_idle_E_5 (alias of player_idle_E_1)
player_idle_N_3 (alias of player_idle_N_1)
player_idle_N_4 (alias of player_idle_N_0)
player_idle_S_3 (alias of player_idle_S_1)
player_idle_S_4 (alias of player_idle_S_0)
player_idle_W_3 (alias of player_idle_W_1)
player_idle_W_4 (alias of player_idle_W_0)
water_fill_0 (alias of node_fish_spot)
Packing.........
Packing.........
Packing.........
Writing 1024x1024: C:\Users\kuehn\Desktop\Chatty Projekt\FuckUSurvivall Projekt\FuckUSurvival Stable 0.064\fus049_work\assets\atlas\game.png
Writing 1024x1024: C:\Users\kuehn\Desktop\Chatty Projekt\FuckUSurvivall Projekt\FuckUSurvival Stable 0.064\fus049_work\assets\atlas\game2.png
Writing 1024x1024: C:\Users\kuehn\Desktop\Chatty Projekt\FuckUSurvivall Projekt\FuckUSurvival Stable 0.064\fus049_work\assets\atlas\game3.png

BUILD SUCCESSFUL in 9s
1 actionable task: 1 executed
Consider enabling configuration cache to speed up this build: https://docs.gradle.org/9.5.0-milestone-2/userguide/configuration_cache_enabling.html
---- REPACK Tue Feb 24 23:57:38 CET 2026 ----
cwd=C:\Users\kuehn\Desktop\Chatty Projekt\FuckUSurvivall Projekt\FuckUSurvival Stable 0.064\fus049_work
cmd=[cmd, /c, C:\Users\kuehn\Desktop\Chatty Projekt\FuckUSurvivall Projekt\FuckUSurvival Stable 0.064\fus049_work\gradlew.bat, packAtlas]
To honour the JVM settings for this build a single-use Daemon process will be forked. For more on this, please refer to https://docs.gradle.org/9.5.0-milestone-2/userguide/gradle_daemon.html#sec:disabling_the_daemon in the Gradle documentation.
Daemon will be stopped at the end of the build 

> Task :packAtlas
Reading: C:\Users\kuehn\Desktop\Chatty Projekt\FuckUSurvivall Projekt\FuckUSurvival Stable 0.064\fus049_work\assets\atlas\src
merchant_elf_idle_1 (alias of merchant_elf_idle)
merchant_elf_idle_O_1 (alias of merchant_elf_idle_E_1)
merchant_elf_idle_O_2 (alias of merchant_elf_idle_E_2)
merchant_elf_idle_O_3 (alias of merchant_elf_idle_E_3)
merchant_elf_idle_O_4 (alias of merchant_elf_idle_E_4)
merchant_elf_idle_S_5 (alias of merchant_elf_idle_N_2)
merchant_elf_idle_W_3 (alias of merchant_elf_idle)
merchant_elf_idle_W_4 (alias of merchant_elf_idle_0)
node_herbs (alias of node_bush)
player_idle_E_3 (alias of player_idle_E_1)
player_idle_E_4 (alias of player_idle_E_1)
player_idle_E_5 (alias of player_idle_E_1)
player_idle_N_3 (alias of player_idle_N_1)
player_idle_N_4 (alias of player_idle_N_0)
player_idle_S_3 (alias of player_idle_S_1)
player_idle_S_4 (alias of player_idle_S_0)
player_idle_W_3 (alias of player_idle_W_1)
player_idle_W_4 (alias of player_idle_W_0)
water_fill_0 (alias of node_fish_spot)
Packing.........
Packing.........
Packing.........
Writing 1024x1024: C:\Users\kuehn\Desktop\Chatty Projekt\FuckUSurvivall Projekt\FuckUSurvival Stable 0.064\fus049_work\assets\atlas\game.png
Writing 1024x1024: C:\Users\kuehn\Desktop\Chatty Projekt\FuckUSurvivall Projekt\FuckUSurvival Stable 0.064\fus049_work\assets\atlas\game2.png
Writing 1024x1024: C:\Users\kuehn\Desktop\Chatty Projekt\FuckUSurvivall Projekt\FuckUSurvival Stable 0.064\fus049_work\assets\atlas\game3.png

BUILD SUCCESSFUL in 9s
1 actionable task: 1 executed
Consider enabling configuration cache to speed up this build: https://docs.gradle.org/9.5.0-milestone-2/userguide/configuration_cache_enabling.html
---- REPACK Tue Feb 24 23:57:53 CET 2026 ----
cwd=C:\Users\kuehn\Desktop\Chatty Projekt\FuckUSurvivall Projekt\FuckUSurvival Stable 0.064\fus049_work
cmd=[cmd, /c, C:\Users\kuehn\Desktop\Chatty Projekt\FuckUSurvivall Projekt\FuckUSurvival Stable 0.064\fus049_work\gradlew.bat, packAtlas]
To honour the JVM settings for this build a single-use Daemon process will be forked. For more on this, please refer to https://docs.gradle.org/9.5.0-milestone-2/userguide/gradle_daemon.html#sec:disabling_the_daemon in the Gradle documentation.
Daemon will be stopped at the end of the build 

> Task :packAtlas
Reading: C:\Users\kuehn\Desktop\Chatty Projekt\FuckUSurvivall Projekt\FuckUSurvival Stable 0.064\fus049_work\assets\atlas\src
merchant_elf_idle_1 (alias of merchant_elf_idle)
merchant_elf_idle_O_1 (alias of merchant_elf_idle_E_1)
merchant_elf_idle_O_2 (alias of merchant_elf_idle_E_2)
merchant_elf_idle_O_3 (alias of merchant_elf_idle_E_3)
merchant_elf_idle_O_4 (alias of merchant_elf_idle_E_4)
merchant_elf_idle_S_5 (alias of merchant_elf_idle_N_2)
merchant_elf_idle_W_3 (alias of merchant_elf_idle)
merchant_elf_idle_W_4 (alias of merchant_elf_idle_0)
node_herbs (alias of node_bush)
player_idle_E_3 (alias of player_idle_E_1)
player_idle_E_4 (alias of player_idle_E_1)
player_idle_E_5 (alias of player_idle_E_1)
player_idle_N_3 (alias of player_idle_N_1)
player_idle_N_4 (alias of player_idle_N_0)
player_idle_S_3 (alias of player_idle_S_1)
player_idle_S_4 (alias of player_idle_S_0)
player_idle_W_3 (alias of player_idle_W_1)
player_idle_W_4 (alias of player_idle_W_0)
water_fill_0 (alias of node_fish_spot)
Packing.........
Packing.........
Packing.........
Writing 1024x1024: C:\Users\kuehn\Desktop\Chatty Projekt\FuckUSurvivall Projekt\FuckUSurvival Stable 0.064\fus049_work\assets\atlas\game.png
Writing 1024x1024: C:\Users\kuehn\Desktop\Chatty Projekt\FuckUSurvivall Projekt\FuckUSurvival Stable 0.064\fus049_work\assets\atlas\game2.png
Writing 1024x1024: C:\Users\kuehn\Desktop\Chatty Projekt\FuckUSurvivall Projekt\FuckUSurvival Stable 0.064\fus049_work\assets\atlas\game3.png

BUILD SUCCESSFUL in 11s
1 actionable task: 1 executed
Consider enabling configuration cache to speed up this build: https://docs.gradle.org/9.5.0-milestone-2/userguide/configuration_cache_enabling.html
---- REPACK Tue Feb 24 23:58:08 CET 2026 ----
cwd=C:\Users\kuehn\Desktop\Chatty Projekt\FuckUSurvivall Projekt\FuckUSurvival Stable 0.064\fus049_work
cmd=[cmd, /c, C:\Users\kuehn\Desktop\Chatty Projekt\FuckUSurvivall Projekt\FuckUSurvival Stable 0.064\fus049_work\gradlew.bat, packAtlas]
To honour the JVM settings for this build a single-use Daemon process will be forked. For more on this, please refer to https://docs.gradle.org/9.5.0-milestone-2/userguide/gradle_daemon.html#sec:disabling_the_daemon in the Gradle documentation.
Daemon will be stopped at the end of the build 

> Task :packAtlas
Reading: C:\Users\kuehn\Desktop\Chatty Projekt\FuckUSurvivall Projekt\FuckUSurvival Stable 0.064\fus049_work\assets\atlas\src
merchant_elf_idle_1 (alias of merchant_elf_idle)
merchant_elf_idle_O_1 (alias of merchant_elf_idle_E_1)
merchant_elf_idle_O_2 (alias of merchant_elf_idle_E_2)
merchant_elf_idle_O_3 (alias of merchant_elf_idle_E_3)
merchant_elf_idle_O_4 (alias of merchant_elf_idle_E_4)
merchant_elf_idle_S_5 (alias of merchant_elf_idle_N_2)
merchant_elf_idle_W_3 (alias of merchant_elf_idle)
merchant_elf_idle_W_4 (alias of merchant_elf_idle_0)
node_herbs (alias of node_bush)
player_idle_E_3 (alias of player_idle_E_1)
player_idle_E_4 (alias of player_idle_E_1)
player_idle_E_5 (alias of player_idle_E_1)
player_idle_N_3 (alias of player_idle_N_1)
player_idle_N_4 (alias of player_idle_N_0)
player_idle_S_3 (alias of player_idle_S_1)
player_idle_S_4 (alias of player_idle_S_0)
player_idle_W_3 (alias of player_idle_W_1)
player_idle_W_4 (alias of player_idle_W_0)
water_fill_0 (alias of node_fish_spot)
Packing.........
Packing.........
Packing.........
Writing 1024x1024: C:\Users\kuehn\Desktop\Chatty Projekt\FuckUSurvivall Projekt\FuckUSurvival Stable 0.064\fus049_work\assets\atlas\game.png
Writing 1024x1024: C:\Users\kuehn\Desktop\Chatty Projekt\FuckUSurvivall Projekt\FuckUSurvival Stable 0.064\fus049_work\assets\atlas\game2.png
Writing 1024x1024: C:\Users\kuehn\Desktop\Chatty Projekt\FuckUSurvivall Projekt\FuckUSurvival Stable 0.064\fus049_work\assets\atlas\game3.png

BUILD SUCCESSFUL in 11s
1 actionable task: 1 executed
Consider enabling configuration cache to speed up this build: https://docs.gradle.org/9.5.0-milestone-2/userguide/configuration_cache_enabling.html
---- REPACK Tue Feb 24 23:58:22 CET 2026 ----
cwd=C:\Users\kuehn\Desktop\Chatty Projekt\FuckUSurvivall Projekt\FuckUSurvival Stable 0.064\fus049_work
cmd=[cmd, /c, C:\Users\kuehn\Desktop\Chatty Projekt\FuckUSurvivall Projekt\FuckUSurvival Stable 0.064\fus049_work\gradlew.bat, packAtlas]
To honour the JVM settings for this build a single-use Daemon process will be forked. For more on this, please refer to https://docs.gradle.org/9.5.0-milestone-2/userguide/gradle_daemon.html#sec:disabling_the_daemon in the Gradle documentation.
Daemon will be stopped at the end of the build 

> Task :packAtlas
Reading: C:\Users\kuehn\Desktop\Chatty Projekt\FuckUSurvivall Projekt\FuckUSurvival Stable 0.064\fus049_work\assets\atlas\src
merchant_elf_idle_1 (alias of merchant_elf_idle)
merchant_elf_idle_O_1 (alias of merchant_elf_idle_E_1)
merchant_elf_idle_O_2 (alias of merchant_elf_idle_E_2)
merchant_elf_idle_O_3 (alias of merchant_elf_idle_E_3)
merchant_elf_idle_O_4 (alias of merchant_elf_idle_E_4)
merchant_elf_idle_S_5 (alias of merchant_elf_idle_N_2)
merchant_elf_idle_W_3 (alias of merchant_elf_idle)
merchant_elf_idle_W_4 (alias of merchant_elf_idle_0)
node_herbs (alias of node_bush)
player_idle_E_3 (alias of player_idle_E_1)
player_idle_E_4 (alias of player_idle_E_1)
player_idle_E_5 (alias of player_idle_E_1)
player_idle_N_3 (alias of player_idle_N_1)
player_idle_N_4 (alias of player_idle_N_0)
player_idle_S_3 (alias of player_idle_S_1)
player_idle_S_4 (alias of player_idle_S_0)
player_idle_W_3 (alias of player_idle_W_1)
player_idle_W_4 (alias of player_idle_W_0)
water_fill_0 (alias of node_fish_spot)
Packing.........
Packing.........
Packing.........
Writing 1024x1024: C:\Users\kuehn\Desktop\Chatty Projekt\FuckUSurvivall Projekt\FuckUSurvival Stable 0.064\fus049_work\assets\atlas\game.png
Writing 1024x1024: C:\Users\kuehn\Desktop\Chatty Projekt\FuckUSurvivall Projekt\FuckUSurvival Stable 0.064\fus049_work\assets\atlas\game2.png
Writing 1024x1024: C:\Users\kuehn\Desktop\Chatty Projekt\FuckUSurvivall Projekt\FuckUSurvival Stable 0.064\fus049_work\assets\atlas\game3.png

BUILD SUCCESSFUL in 11s
1 actionable task: 1 executed
Consider enabling configuration cache to speed up this build: https://docs.gradle.org/9.5.0-milestone-2/userguide/configuration_cache_enabling.html
---- REPACK Tue Feb 24 23:58:54 CET 2026 ----
cwd=C:\Users\kuehn\Desktop\Chatty Projekt\FuckUSurvivall Projekt\FuckUSurvival Stable 0.064\fus049_work
cmd=[cmd, /c, C:\Users\kuehn\Desktop\Chatty Projekt\FuckUSurvivall Projekt\FuckUSurvival Stable 0.064\fus049_work\gradlew.bat, packAtlas]
To honour the JVM settings for this build a single-use Daemon process will be forked. For more on this, please refer to https://docs.gradle.org/9.5.0-milestone-2/userguide/gradle_daemon.html#sec:disabling_the_daemon in the Gradle documentation.
Daemon will be stopped at the end of the build 

> Task :packAtlas
Reading: C:\Users\kuehn\Desktop\Chatty Projekt\FuckUSurvivall Projekt\FuckUSurvival Stable 0.064\fus049_work\assets\atlas\src
animal_boar_walk_E_3 (alias of animal_boar_walk_E_1)
animal_boar_walk_E_4 (alias of animal_boar_walk_E_0)
merchant_elf_idle_1 (alias of merchant_elf_idle)
merchant_elf_idle_O_1 (alias of merchant_elf_idle_E_1)
merchant_elf_idle_O_2 (alias of merchant_elf_idle_E_2)
merchant_elf_idle_O_3 (alias of merchant_elf_idle_E_3)
merchant_elf_idle_O_4 (alias of merchant_elf_idle_E_4)
merchant_elf_idle_S_5 (alias of merchant_elf_idle_N_2)
merchant_elf_idle_W_3 (alias of merchant_elf_idle)
merchant_elf_idle_W_4 (alias of merchant_elf_idle_0)
node_herbs (alias of node_bush)
player_idle_E_3 (alias of player_idle_E_1)
player_idle_E_4 (alias of player_idle_E_1)
player_idle_E_5 (alias of player_idle_E_1)
player_idle_N_3 (alias of player_idle_N_1)
player_idle_N_4 (alias of player_idle_N_0)
player_idle_S_3 (alias of player_idle_S_1)
player_idle_S_4 (alias of player_idle_S_0)
player_idle_W_3 (alias of player_idle_W_1)
player_idle_W_4 (alias of player_idle_W_0)
water_fill_0 (alias of node_fish_spot)
Packing.........
Packing.........
Packing.........
Writing 1024x1024: C:\Users\kuehn\Desktop\Chatty Projekt\FuckUSurvivall Projekt\FuckUSurvival Stable 0.064\fus049_work\assets\atlas\game.png
Writing 1024x1024: C:\Users\kuehn\Desktop\Chatty Projekt\FuckUSurvivall Projekt\FuckUSurvival Stable 0.064\fus049_work\assets\atlas\game2.png
Writing 1024x1024: C:\Users\kuehn\Desktop\Chatty Projekt\FuckUSurvivall Projekt\FuckUSurvival Stable 0.064\fus049_work\assets\atlas\game3.png

BUILD SUCCESSFUL in 11s
1 actionable task: 1 executed
Consider enabling configuration cache to speed up this build: https://docs.gradle.org/9.5.0-milestone-2/userguide/configuration_cache_enabling.html
---- REPACK Tue Feb 24 23:59:22 CET 2026 ----
cwd=C:\Users\kuehn\Desktop\Chatty Projekt\FuckUSurvivall Projekt\FuckUSurvival Stable 0.064\fus049_work
cmd=[cmd, /c, C:\Users\kuehn\Desktop\Chatty Projekt\FuckUSurvivall Projekt\FuckUSurvival Stable 0.064\fus049_work\gradlew.bat, packAtlas]
To honour the JVM settings for this build a single-use Daemon process will be forked. For more on this, please refer to https://docs.gradle.org/9.5.0-milestone-2/userguide/gradle_daemon.html#sec:disabling_the_daemon in the Gradle documentation.
Daemon will be stopped at the end of the build 

> Task :packAtlas
Reading: C:\Users\kuehn\Desktop\Chatty Projekt\FuckUSurvivall Projekt\FuckUSurvival Stable 0.064\fus049_work\assets\atlas\src
merchant_elf_idle_1 (alias of merchant_elf_idle)
merchant_elf_idle_O_1 (alias of merchant_elf_idle_E_1)
merchant_elf_idle_O_2 (alias of merchant_elf_idle_E_2)
merchant_elf_idle_O_3 (alias of merchant_elf_idle_E_3)
merchant_elf_idle_O_4 (alias of merchant_elf_idle_E_4)
merchant_elf_idle_S_5 (alias of merchant_elf_idle_N_2)
merchant_elf_idle_W_3 (alias of merchant_elf_idle)
merchant_elf_idle_W_4 (alias of merchant_elf_idle_0)
node_herbs (alias of node_bush)
player_idle_E_3 (alias of player_idle_E_1)
player_idle_E_4 (alias of player_idle_E_1)
player_idle_E_5 (alias of player_idle_E_1)
player_idle_N_3 (alias of player_idle_N_1)
player_idle_N_4 (alias of player_idle_N_0)
player_idle_S_3 (alias of player_idle_S_1)
player_idle_S_4 (alias of player_idle_S_0)
player_idle_W_3 (alias of player_idle_W_1)
player_idle_W_4 (alias of player_idle_W_0)
water_fill_0 (alias of node_fish_spot)
Packing.........
Packing.........
Packing.........
Writing 1024x1024: C:\Users\kuehn\Desktop\Chatty Projekt\FuckUSurvivall Projekt\FuckUSurvival Stable 0.064\fus049_work\assets\atlas\game.png
Writing 1024x1024: C:\Users\kuehn\Desktop\Chatty Projekt\FuckUSurvivall Projekt\FuckUSurvival Stable 0.064\fus049_work\assets\atlas\game2.png
Writing 1024x1024: C:\Users\kuehn\Desktop\Chatty Projekt\FuckUSurvivall Projekt\FuckUSurvival Stable 0.064\fus049_work\assets\atlas\game3.png

BUILD SUCCESSFUL in 11s
1 actionable task: 1 executed
Consider enabling configuration cache to speed up this build: https://docs.gradle.org/9.5.0-milestone-2/userguide/configuration_cache_enabling.html
---- REPACK Wed Feb 25 00:01:20 CET 2026 ----
cwd=C:\Users\kuehn\Desktop\Chatty Projekt\FuckUSurvivall Projekt\FuckUSurvival Stable 0.064\fus049_work
cmd=[cmd, /c, C:\Users\kuehn\Desktop\Chatty Projekt\FuckUSurvivall Projekt\FuckUSurvival Stable 0.064\fus049_work\gradlew.bat, packAtlas]
---- REPACK Wed Feb 25 00:01:20 CET 2026 ----
cwd=C:\Users\kuehn\Desktop\Chatty Projekt\FuckUSurvivall Projekt\FuckUSurvival Stable 0.064\fus049_work
cmd=[cmd, /c, C:\Users\kuehn\Desktop\Chatty Projekt\FuckUSurvivall Projekt\FuckUSurvival Stable 0.064\fus049_work\gradlew.bat, packAtlas]
To honour the JVM settings for this build a single-use Daemon process will be forked. For more on this, please refer to https://docs.gradle.org/9.5.0-milestone-2/userguide/gradle_daemon.html#sec:disabling_the_daemon in the Gradle documentation.
To honour the JVM settings for this build a single-use Daemon process will be forked. For more on this, please refer to https://docs.gradle.org/9.5.0-milestone-2/userguide/gradle_daemon.html#sec:disabling_the_daemon in the Gradle documentation.
Daemon will be stopped at the end of the build 
Daemon will be stopped at the end of the build 

> Task :packAtlas
Reading: C:\Users\kuehn\Desktop\Chatty Projekt\FuckUSurvivall Projekt\FuckUSurvival Stable 0.064\fus049_work\assets\atlas\src
animal_bear_death_E_3 (alias of animal_bear_death_E_1)
animal_bear_death_E_4 (alias of animal_bear_death_E_0)
merchant_elf_idle_1 (alias of merchant_elf_idle)
merchant_elf_idle_O_1 (alias of merchant_elf_idle_E_1)
merchant_elf_idle_O_2 (alias of merchant_elf_idle_E_2)
merchant_elf_idle_O_3 (alias of merchant_elf_idle_E_3)
merchant_elf_idle_O_4 (alias of merchant_elf_idle_E_4)
merchant_elf_idle_S_5 (alias of merchant_elf_idle_N_2)
merchant_elf_idle_W_3 (alias of merchant_elf_idle)
merchant_elf_idle_W_4 (alias of merchant_elf_idle_0)
node_herbs (alias of node_bush)
player_idle_E_3 (alias of player_idle_E_1)
player_idle_E_4 (alias of player_idle_E_1)
player_idle_E_5 (alias of player_idle_E_1)
player_idle_N_3 (alias of player_idle_N_1)
player_idle_N_4 (alias of player_idle_N_0)
player_idle_S_3 (alias of player_idle_S_1)
player_idle_S_4 (alias of player_idle_S_0)
player_idle_W_3 (alias of player_idle_W_1)
player_idle_W_4 (alias of player_idle_W_0)
water_fill_0 (alias of node_fish_spot)

> Task :packAtlas
Reading: C:\Users\kuehn\Desktop\Chatty Projekt\FuckUSurvivall Projekt\FuckUSurvival Stable 0.064\fus049_work\assets\atlas\src
animal_bear_death_E_3 (alias of animal_bear_death_E_1)
animal_bear_death_E_4 (alias of animal_bear_death_E_0)
merchant_elf_idle_1 (alias of merchant_elf_idle)
merchant_elf_idle_O_1 (alias of merchant_elf_idle_E_1)
merchant_elf_idle_O_2 (alias of merchant_elf_idle_E_2)
merchant_elf_idle_O_3 (alias of merchant_elf_idle_E_3)
merchant_elf_idle_O_4 (alias of merchant_elf_idle_E_4)
merchant_elf_idle_S_5 (alias of merchant_elf_idle_N_2)
merchant_elf_idle_W_3 (alias of merchant_elf_idle)
merchant_elf_idle_W_4 (alias of merchant_elf_idle_0)
node_herbs (alias of node_bush)
player_idle_E_3 (alias of player_idle_E_1)
player_idle_E_4 (alias of player_idle_E_1)
player_idle_E_5 (alias of player_idle_E_1)
player_idle_N_3 (alias of player_idle_N_1)
player_idle_N_4 (alias of player_idle_N_0)
player_idle_S_3 (alias of player_idle_S_1)
player_idle_S_4 (alias of player_idle_S_0)
player_idle_W_3 (alias of player_idle_W_1)
player_idle_W_4 (alias of player_idle_W_0)
water_fill_0 (alias of node_fish_spot)
Packing.........
Packing.........
Packing.........
Packing.........
Packing.........
Writing 1024x1024: C:\Users\kuehn\Desktop\Chatty Projekt\FuckUSurvivall Projekt\FuckUSurvival Stable 0.064\fus049_work\assets\atlas\game.png
Packing.........
Writing 1024x1024: C:\Users\kuehn\Desktop\Chatty Projekt\FuckUSurvivall Projekt\FuckUSurvival Stable 0.064\fus049_work\assets\atlas\game.png
Writing 1024x1024: C:\Users\kuehn\Desktop\Chatty Projekt\FuckUSurvivall Projekt\FuckUSurvival Stable 0.064\fus049_work\assets\atlas\game2.png
Writing 1024x1024: C:\Users\kuehn\Desktop\Chatty Projekt\FuckUSurvivall Projekt\FuckUSurvival Stable 0.064\fus049_work\assets\atlas\game2.png
Writing 1024x1024: C:\Users\kuehn\Desktop\Chatty Projekt\FuckUSurvivall Projekt\FuckUSurvival Stable 0.064\fus049_work\assets\atlas\game3.png
Writing 1024x1024: C:\Users\kuehn\Desktop\Chatty Projekt\FuckUSurvivall Projekt\FuckUSurvival Stable 0.064\fus049_work\assets\atlas\game3.png

BUILD SUCCESSFUL in 15s
1 actionable task: 1 executed
Consider enabling configuration cache to speed up this build: https://docs.gradle.org/9.5.0-milestone-2/userguide/configuration_cache_enabling.html
Exception in thread "main" java.lang.RuntimeException: Error packing images.
	at com.badlogic.gdx.tools.texturepacker.TexturePacker.process(TexturePacker.java:754)
	at com.badlogic.gdx.tools.texturepacker.TexturePacker.process(TexturePacker.java:741)
	at com.badlogic.gdx.tools.texturepacker.TexturePacker.main(TexturePacker.java:1031)
Caused by: java.lang.Exception: Error processing directory: C:\Users\kuehn\Desktop\Chatty Projekt\FuckUSurvivall Projekt\FuckUSurvival Stable 0.064\fus049_work\assets\atlas\src
	at com.badlogic.gdx.tools.FileProcessor.process(FileProcessor.java:158)
	at com.badlogic.gdx.tools.texturepacker.TexturePackerFileProcessor.process(TexturePackerFileProcessor.java:135)
	at com.badlogic.gdx.tools.FileProcessor.process(FileProcessor.java:122)
	at com.badlogic.gdx.tools.texturepacker.TexturePackerFileProcessor.process(TexturePackerFileProcessor.java:117)
	at com.badlogic.gdx.tools.texturepacker.TexturePacker.process(TexturePacker.java:752)
	... 2 more
Caused by: com.badlogic.gdx.utils.GdxRuntimeException: A region with the name "animal_bear_death_E" has already been packed: animal_bear_death_E
	at com.badlogic.gdx.tools.texturepacker.TexturePacker.writePackFile(TexturePacker.java:398)
	at com.badlogic.gdx.tools.texturepacker.TexturePacker.pack(TexturePacker.java:185)
	at com.badlogic.gdx.tools.texturepacker.TexturePackerFileProcessor.pack(TexturePackerFileProcessor.java:290)
	at com.badlogic.gdx.tools.texturepacker.TexturePackerFileProcessor.processDir(TexturePackerFileProcessor.java:285)
	at com.badlogic.gdx.tools.FileProcessor.process(FileProcessor.java:156)
	... 6 more

> Task :packAtlas FAILED

FAILURE: Build failed with an exception.

* What went wrong:
Execution failed for task ':packAtlas'.
> Process 'command 'C:\Program Files\Eclipse Adoptium\jdk-21.0.10.7-hotspot\bin\java.exe'' finished with non-zero exit value 1

* Try:
> Run with --stacktrace option to get the stack trace.
> Run with --info or --debug option to get more log output.
> Run with --scan to get full insights from a Build Scan (powered by Develocity).
> Get more help at https://help.gradle.org.

BUILD FAILED in 15s
1 actionable task: 1 executed
---- REPACK Wed Feb 25 00:02:30 CET 2026 ----
cwd=C:\Users\kuehn\Desktop\Chatty Projekt\FuckUSurvivall Projekt\FuckUSurvival Stable 0.064\fus049_work
cmd=[cmd, /c, C:\Users\kuehn\Desktop\Chatty Projekt\FuckUSurvivall Projekt\FuckUSurvival Stable 0.064\fus049_work\gradlew.bat, packAtlas]
To honour the JVM settings for this build a single-use Daemon process will be forked. For more on this, please refer to https://docs.gradle.org/9.5.0-milestone-2/userguide/gradle_daemon.html#sec:disabling_the_daemon in the Gradle documentation.
Daemon will be stopped at the end of the build 

> Task :packAtlas
Reading: C:\Users\kuehn\Desktop\Chatty Projekt\FuckUSurvivall Projekt\FuckUSurvival Stable 0.064\fus049_work\assets\atlas\src
animal_bear_death_E_3 (alias of animal_bear_death_E_1)
animal_bear_death_E_4 (alias of animal_bear_death_E_0)
animal_bear_death_N_3 (alias of animal_bear_death_N_1)
merchant_elf_idle_1 (alias of merchant_elf_idle)
merchant_elf_idle_O_1 (alias of merchant_elf_idle_E_1)
merchant_elf_idle_O_2 (alias of merchant_elf_idle_E_2)
merchant_elf_idle_O_3 (alias of merchant_elf_idle_E_3)
merchant_elf_idle_O_4 (alias of merchant_elf_idle_E_4)
merchant_elf_idle_S_5 (alias of merchant_elf_idle_N_2)
merchant_elf_idle_W_3 (alias of merchant_elf_idle)
merchant_elf_idle_W_4 (alias of merchant_elf_idle_0)
node_herbs (alias of node_bush)
player_idle_E_3 (alias of player_idle_E_1)
player_idle_E_4 (alias of player_idle_E_1)
player_idle_E_5 (alias of player_idle_E_1)
player_idle_N_3 (alias of player_idle_N_1)
player_idle_N_4 (alias of player_idle_N_0)
player_idle_S_3 (alias of player_idle_S_1)
player_idle_S_4 (alias of player_idle_S_0)
player_idle_W_3 (alias of player_idle_W_1)
player_idle_W_4 (alias of player_idle_W_0)
water_fill_0 (alias of node_fish_spot)
Packing.........
Packing.........
Packing.........
Writing 1024x1024: C:\Users\kuehn\Desktop\Chatty Projekt\FuckUSurvivall Projekt\FuckUSurvival Stable 0.064\fus049_work\assets\atlas\game.png
Writing 1024x1024: C:\Users\kuehn\Desktop\Chatty Projekt\FuckUSurvivall Projekt\FuckUSurvival Stable 0.064\fus049_work\assets\atlas\game2.png
Writing 1024x1024: C:\Users\kuehn\Desktop\Chatty Projekt\FuckUSurvivall Projekt\FuckUSurvival Stable 0.064\fus049_work\assets\atlas\game3.png

BUILD SUCCESSFUL in 11s
1 actionable task: 1 executed
Consider enabling configuration cache to speed up this build: https://docs.gradle.org/9.5.0-milestone-2/userguide/configuration_cache_enabling.html
---- REPACK Wed Feb 25 00:02:49 CET 2026 ----
cwd=C:\Users\kuehn\Desktop\Chatty Projekt\FuckUSurvivall Projekt\FuckUSurvival Stable 0.064\fus049_work
cmd=[cmd, /c, C:\Users\kuehn\Desktop\Chatty Projekt\FuckUSurvivall Projekt\FuckUSurvival Stable 0.064\fus049_work\gradlew.bat, packAtlas]
To honour the JVM settings for this build a single-use Daemon process will be forked. For more on this, please refer to https://docs.gradle.org/9.5.0-milestone-2/userguide/gradle_daemon.html#sec:disabling_the_daemon in the Gradle documentation.
Daemon will be stopped at the end of the build 

> Task :packAtlas
Reading: C:\Users\kuehn\Desktop\Chatty Projekt\FuckUSurvivall Projekt\FuckUSurvival Stable 0.064\fus049_work\assets\atlas\src
animal_bear_death_E_3 (alias of animal_bear_death_E_1)
animal_bear_death_E_4 (alias of animal_bear_death_E_0)
animal_bear_death_N_3 (alias of animal_bear_death_N_1)
animal_bear_death_S_3 (alias of animal_bear_death_S_1)
merchant_elf_idle_1 (alias of merchant_elf_idle)
merchant_elf_idle_O_1 (alias of merchant_elf_idle_E_1)
merchant_elf_idle_O_2 (alias of merchant_elf_idle_E_2)
merchant_elf_idle_O_3 (alias of merchant_elf_idle_E_3)
merchant_elf_idle_O_4 (alias of merchant_elf_idle_E_4)
merchant_elf_idle_S_5 (alias of merchant_elf_idle_N_2)
merchant_elf_idle_W_3 (alias of merchant_elf_idle)
merchant_elf_idle_W_4 (alias of merchant_elf_idle_0)
node_herbs (alias of node_bush)
player_idle_E_3 (alias of player_idle_E_1)
player_idle_E_4 (alias of player_idle_E_1)
player_idle_E_5 (alias of player_idle_E_1)
player_idle_N_3 (alias of player_idle_N_1)
player_idle_N_4 (alias of player_idle_N_0)
player_idle_S_3 (alias of player_idle_S_1)
player_idle_S_4 (alias of player_idle_S_0)
player_idle_W_3 (alias of player_idle_W_1)
player_idle_W_4 (alias of player_idle_W_0)
water_fill_0 (alias of node_fish_spot)
Packing.........
Packing.........
Packing.........
Writing 1024x1024: C:\Users\kuehn\Desktop\Chatty Projekt\FuckUSurvivall Projekt\FuckUSurvival Stable 0.064\fus049_work\assets\atlas\game.png
Writing 1024x1024: C:\Users\kuehn\Desktop\Chatty Projekt\FuckUSurvivall Projekt\FuckUSurvival Stable 0.064\fus049_work\assets\atlas\game2.png
Writing 1024x1024: C:\Users\kuehn\Desktop\Chatty Projekt\FuckUSurvivall Projekt\FuckUSurvival Stable 0.064\fus049_work\assets\atlas\game3.png

BUILD SUCCESSFUL in 11s
1 actionable task: 1 executed
Consider enabling configuration cache to speed up this build: https://docs.gradle.org/9.5.0-milestone-2/userguide/configuration_cache_enabling.html
---- REPACK Wed Feb 25 00:03:07 CET 2026 ----
cwd=C:\Users\kuehn\Desktop\Chatty Projekt\FuckUSurvivall Projekt\FuckUSurvival Stable 0.064\fus049_work
cmd=[cmd, /c, C:\Users\kuehn\Desktop\Chatty Projekt\FuckUSurvivall Projekt\FuckUSurvival Stable 0.064\fus049_work\gradlew.bat, packAtlas]
To honour the JVM settings for this build a single-use Daemon process will be forked. For more on this, please refer to https://docs.gradle.org/9.5.0-milestone-2/userguide/gradle_daemon.html#sec:disabling_the_daemon in the Gradle documentation.
Daemon will be stopped at the end of the build 

> Task :packAtlas
Reading: C:\Users\kuehn\Desktop\Chatty Projekt\FuckUSurvivall Projekt\FuckUSurvival Stable 0.064\fus049_work\assets\atlas\src
animal_bear_death_E_3 (alias of animal_bear_death_E_1)
animal_bear_death_E_4 (alias of animal_bear_death_E_0)
animal_bear_death_N_3 (alias of animal_bear_death_N_1)
animal_bear_death_S_3 (alias of animal_bear_death_S_1)
animal_bear_death_W_3 (alias of animal_bear_death_W_1)
merchant_elf_idle_1 (alias of merchant_elf_idle)
merchant_elf_idle_O_1 (alias of merchant_elf_idle_E_1)
merchant_elf_idle_O_2 (alias of merchant_elf_idle_E_2)
merchant_elf_idle_O_3 (alias of merchant_elf_idle_E_3)
merchant_elf_idle_O_4 (alias of merchant_elf_idle_E_4)
merchant_elf_idle_S_5 (alias of merchant_elf_idle_N_2)
merchant_elf_idle_W_3 (alias of merchant_elf_idle)
merchant_elf_idle_W_4 (alias of merchant_elf_idle_0)
node_herbs (alias of node_bush)
player_idle_E_3 (alias of player_idle_E_1)
player_idle_E_4 (alias of player_idle_E_1)
player_idle_E_5 (alias of player_idle_E_1)
player_idle_N_3 (alias of player_idle_N_1)
player_idle_N_4 (alias of player_idle_N_0)
player_idle_S_3 (alias of player_idle_S_1)
player_idle_S_4 (alias of player_idle_S_0)
player_idle_W_3 (alias of player_idle_W_1)
player_idle_W_4 (alias of player_idle_W_0)
water_fill_0 (alias of node_fish_spot)
Packing.........
Packing.........
Packing.........
Writing 1024x1024: C:\Users\kuehn\Desktop\Chatty Projekt\FuckUSurvivall Projekt\FuckUSurvival Stable 0.064\fus049_work\assets\atlas\game.png
Writing 1024x1024: C:\Users\kuehn\Desktop\Chatty Projekt\FuckUSurvivall Projekt\FuckUSurvival Stable 0.064\fus049_work\assets\atlas\game2.png
Writing 1024x1024: C:\Users\kuehn\Desktop\Chatty Projekt\FuckUSurvivall Projekt\FuckUSurvival Stable 0.064\fus049_work\assets\atlas\game3.png

BUILD SUCCESSFUL in 11s
1 actionable task: 1 executed
Consider enabling configuration cache to speed up this build: https://docs.gradle.org/9.5.0-milestone-2/userguide/configuration_cache_enabling.html
---- REPACK Wed Feb 25 00:03:36 CET 2026 ----
cwd=C:\Users\kuehn\Desktop\Chatty Projekt\FuckUSurvivall Projekt\FuckUSurvival Stable 0.064\fus049_work
cmd=[cmd, /c, C:\Users\kuehn\Desktop\Chatty Projekt\FuckUSurvivall Projekt\FuckUSurvival Stable 0.064\fus049_work\gradlew.bat, packAtlas]
To honour the JVM settings for this build a single-use Daemon process will be forked. For more on this, please refer to https://docs.gradle.org/9.5.0-milestone-2/userguide/gradle_daemon.html#sec:disabling_the_daemon in the Gradle documentation.
Daemon will be stopped at the end of the build 

> Task :packAtlas
Reading: C:\Users\kuehn\Desktop\Chatty Projekt\FuckUSurvivall Projekt\FuckUSurvival Stable 0.064\fus049_work\assets\atlas\src
animal_bear_death_E_3 (alias of animal_bear_death_E_1)
animal_bear_death_E_4 (alias of animal_bear_death_E_0)
animal_bear_death_N_3 (alias of animal_bear_death_N_1)
animal_bear_death_S_3 (alias of animal_bear_death_S_1)
animal_bear_death_W_3 (alias of animal_bear_death_W_1)
animal_boar_walk_E_0 (alias of animal_bear_walk_E_0)
animal_boar_walk_E_1 (alias of animal_bear_walk_E_1)
animal_boar_walk_E_2 (alias of animal_bear_walk_E_2)
animal_boar_walk_E_3 (alias of animal_bear_walk_E_3)
animal_boar_walk_E_4 (alias of animal_bear_walk_E_4)
animal_boar_walk_E_5 (alias of animal_bear_walk_E_5)
merchant_elf_idle_1 (alias of merchant_elf_idle)
merchant_elf_idle_O_1 (alias of merchant_elf_idle_E_1)
merchant_elf_idle_O_2 (alias of merchant_elf_idle_E_2)
merchant_elf_idle_O_3 (alias of merchant_elf_idle_E_3)
merchant_elf_idle_O_4 (alias of merchant_elf_idle_E_4)
merchant_elf_idle_S_5 (alias of merchant_elf_idle_N_2)
merchant_elf_idle_W_3 (alias of merchant_elf_idle)
merchant_elf_idle_W_4 (alias of merchant_elf_idle_0)
node_herbs (alias of node_bush)
player_idle_E_3 (alias of player_idle_E_1)
player_idle_E_4 (alias of player_idle_E_1)
player_idle_E_5 (alias of player_idle_E_1)
player_idle_N_3 (alias of player_idle_N_1)
player_idle_N_4 (alias of player_idle_N_0)
player_idle_S_3 (alias of player_idle_S_1)
player_idle_S_4 (alias of player_idle_S_0)
player_idle_W_3 (alias of player_idle_W_1)
player_idle_W_4 (alias of player_idle_W_0)
water_fill_0 (alias of node_fish_spot)
Packing.........
Packing.........
Packing.........
Writing 1024x1024: C:\Users\kuehn\Desktop\Chatty Projekt\FuckUSurvivall Projekt\FuckUSurvival Stable 0.064\fus049_work\assets\atlas\game.png
Writing 1024x1024: C:\Users\kuehn\Desktop\Chatty Projekt\FuckUSurvivall Projekt\FuckUSurvival Stable 0.064\fus049_work\assets\atlas\game2.png
Writing 1024x1024: C:\Users\kuehn\Desktop\Chatty Projekt\FuckUSurvivall Projekt\FuckUSurvival Stable 0.064\fus049_work\assets\atlas\game3.png

BUILD SUCCESSFUL in 11s
1 actionable task: 1 executed
Consider enabling configuration cache to speed up this build: https://docs.gradle.org/9.5.0-milestone-2/userguide/configuration_cache_enabling.html
---- REPACK Wed Feb 25 00:45:32 CET 2026 ----
cwd=C:\Users\kuehn\Desktop\Chatty Projekt\FuckUSurvivall Projekt\FuckUSurvivALL V0.065\FuckUSurvivALL
cmd=[cmd, /c, C:\Users\kuehn\Desktop\Chatty Projekt\FuckUSurvivall Projekt\FuckUSurvivALL V0.065\FuckUSurvivALL\gradlew.bat, packAtlas]
To honour the JVM settings for this build a single-use Daemon process will be forked. For more on this, please refer to https://docs.gradle.org/9.5.0-milestone-2/userguide/gradle_daemon.html#sec:disabling_the_daemon in the Gradle documentation.
Daemon will be stopped at the end of the build 

> Task :packAtlas
Reading: C:\Users\kuehn\Desktop\Chatty Projekt\FuckUSurvivall Projekt\FuckUSurvivALL V0.065\FuckUSurvivALL\assets\atlas\src
animal_bear_death_E_3 (alias of animal_bear_death_E_1)
animal_bear_death_E_4 (alias of animal_bear_death_E_0)
animal_bear_death_N_3 (alias of animal_bear_death_N_1)
animal_bear_death_S_3 (alias of animal_bear_death_S_1)
animal_bear_death_W_3 (alias of animal_bear_death_W_1)
animal_boar_walk_E_0 (alias of animal_bear_walk_E_0)
animal_boar_walk_E_1 (alias of animal_bear_walk_E_1)
animal_boar_walk_E_2 (alias of animal_bear_walk_E_2)
animal_boar_walk_E_3 (alias of animal_bear_walk_E_3)
animal_boar_walk_E_4 (alias of animal_bear_walk_E_4)
animal_boar_walk_E_5 (alias of animal_bear_walk_E_5)
merchant_elf_idle_1 (alias of merchant_elf_idle)
merchant_elf_idle_O_1 (alias of merchant_elf_idle_E_1)
merchant_elf_idle_O_2 (alias of merchant_elf_idle_E_2)
merchant_elf_idle_O_3 (alias of merchant_elf_idle_E_3)
merchant_elf_idle_O_4 (alias of merchant_elf_idle_E_4)
merchant_elf_idle_S_5 (alias of merchant_elf_idle_N_2)
merchant_elf_idle_W_3 (alias of merchant_elf_idle)
merchant_elf_idle_W_4 (alias of merchant_elf_idle_0)
node_herbs (alias of node_bush)
player_idle_E_3 (alias of player_idle_E_1)
player_idle_E_4 (alias of player_idle_E_1)
player_idle_E_5 (alias of player_idle_E_1)
player_idle_N_3 (alias of player_idle_N_1)
player_idle_N_4 (alias of player_idle_N_0)
player_idle_S_3 (alias of player_idle_S_1)
player_idle_S_4 (alias of player_idle_S_0)
player_idle_W_3 (alias of player_idle_W_1)
player_idle_W_4 (alias of player_idle_W_0)
water_fill_0 (alias of node_fish_spot)
Packing.........
Packing.........
Packing.........
Writing 1024x1024: C:\Users\kuehn\Desktop\Chatty Projekt\FuckUSurvivall Projekt\FuckUSurvivALL V0.065\FuckUSurvivALL\assets\atlas\game.png
Writing 1024x1024: C:\Users\kuehn\Desktop\Chatty Projekt\FuckUSurvivall Projekt\FuckUSurvivALL V0.065\FuckUSurvivALL\assets\atlas\game2.png
Writing 1024x1024: C:\Users\kuehn\Desktop\Chatty Projekt\FuckUSurvivall Projekt\FuckUSurvivALL V0.065\FuckUSurvivALL\assets\atlas\game3.png

BUILD SUCCESSFUL in 12s
1 actionable task: 1 executed
Consider enabling configuration cache to speed up this build: https://docs.gradle.org/9.5.0-milestone-2/userguide/configuration_cache_enabling.html
---- REPACK Wed Feb 25 00:46:18 CET 2026 ----
cwd=C:\Users\kuehn\Desktop\Chatty Projekt\FuckUSurvivall Projekt\FuckUSurvivALL V0.065\FuckUSurvivALL
cmd=[cmd, /c, C:\Users\kuehn\Desktop\Chatty Projekt\FuckUSurvivall Projekt\FuckUSurvivALL V0.065\FuckUSurvivALL\gradlew.bat, packAtlas]
To honour the JVM settings for this build a single-use Daemon process will be forked. For more on this, please refer to https://docs.gradle.org/9.5.0-milestone-2/userguide/gradle_daemon.html#sec:disabling_the_daemon in the Gradle documentation.
Daemon will be stopped at the end of the build 

> Task :packAtlas
Reading: C:\Users\kuehn\Desktop\Chatty Projekt\FuckUSurvivall Projekt\FuckUSurvivALL V0.065\FuckUSurvivALL\assets\atlas\src
animal_bear_death_E_3 (alias of animal_bear_death_E_1)
animal_bear_death_E_4 (alias of animal_bear_death_E_0)
animal_bear_death_N_3 (alias of animal_bear_death_N_1)
animal_bear_death_S_3 (alias of animal_bear_death_S_1)
animal_bear_death_W_3 (alias of animal_bear_death_W_1)
animal_boar_walk_E_0 (alias of animal_bear_walk_E_0)
animal_boar_walk_E_1 (alias of animal_bear_walk_E_1)
animal_boar_walk_E_2 (alias of animal_bear_walk_E_2)
animal_boar_walk_E_3 (alias of animal_bear_walk_E_3)
animal_boar_walk_E_4 (alias of animal_bear_walk_E_4)
animal_boar_walk_E_5 (alias of animal_bear_walk_E_5)
merchant_elf_idle_1 (alias of merchant_elf_idle)
merchant_elf_idle_O_1 (alias of merchant_elf_idle_E_1)
merchant_elf_idle_O_2 (alias of merchant_elf_idle_E_2)
merchant_elf_idle_O_3 (alias of merchant_elf_idle_E_3)
merchant_elf_idle_O_4 (alias of merchant_elf_idle_E_4)
merchant_elf_idle_S_5 (alias of merchant_elf_idle_N_2)
merchant_elf_idle_W_3 (alias of merchant_elf_idle)
merchant_elf_idle_W_4 (alias of merchant_elf_idle_0)
node_herbs (alias of node_bush)
player_idle_E_3 (alias of player_idle_E_1)
player_idle_E_4 (alias of player_idle_E_1)
player_idle_E_5 (alias of player_idle_E_1)
player_idle_N_3 (alias of player_idle_N_1)
player_idle_N_4 (alias of player_idle_N_0)
player_idle_S_3 (alias of player_idle_S_1)
player_idle_S_4 (alias of player_idle_S_0)
player_idle_W_3 (alias of player_idle_W_1)
player_idle_W_4 (alias of player_idle_W_0)
water_fill_0 (alias of node_fish_spot)
Packing.........
Packing.........
Packing.........
Packing.........
Writing 1024x1024: C:\Users\kuehn\Desktop\Chatty Projekt\FuckUSurvivall Projekt\FuckUSurvivALL V0.065\FuckUSurvivALL\assets\atlas\game.png
Writing 1024x1024: C:\Users\kuehn\Desktop\Chatty Projekt\FuckUSurvivall Projekt\FuckUSurvivALL V0.065\FuckUSurvivALL\assets\atlas\game2.png
Writing 1024x1024: C:\Users\kuehn\Desktop\Chatty Projekt\FuckUSurvivall Projekt\FuckUSurvivALL V0.065\FuckUSurvivALL\assets\atlas\game3.png
Writing 1024x128: C:\Users\kuehn\Desktop\Chatty Projekt\FuckUSurvivall Projekt\FuckUSurvivALL V0.065\FuckUSurvivALL\assets\atlas\game4.png

BUILD SUCCESSFUL in 14s
1 actionable task: 1 executed
Consider enabling configuration cache to speed up this build: https://docs.gradle.org/9.5.0-milestone-2/userguide/configuration_cache_enabling.html
---- REPACK Wed Feb 25 00:47:24 CET 2026 ----
cwd=C:\Users\kuehn\Desktop\Chatty Projekt\FuckUSurvivall Projekt\FuckUSurvivALL V0.065\FuckUSurvivALL
cmd=[cmd, /c, C:\Users\kuehn\Desktop\Chatty Projekt\FuckUSurvivall Projekt\FuckUSurvivALL V0.065\FuckUSurvivALL\gradlew.bat, packAtlas]
To honour the JVM settings for this build a single-use Daemon process will be forked. For more on this, please refer to https://docs.gradle.org/9.5.0-milestone-2/userguide/gradle_daemon.html#sec:disabling_the_daemon in the Gradle documentation.
Daemon will be stopped at the end of the build 

> Task :packAtlas
Reading: C:\Users\kuehn\Desktop\Chatty Projekt\FuckUSurvivall Projekt\FuckUSurvivALL V0.065\FuckUSurvivALL\assets\atlas\src
animal_bear_death_E_3 (alias of animal_bear_death_E_1)
animal_bear_death_E_4 (alias of animal_bear_death_E_0)
animal_bear_death_N_3 (alias of animal_bear_death_N_1)
animal_bear_death_S_3 (alias of animal_bear_death_S_1)
animal_bear_death_W_3 (alias of animal_bear_death_W_1)
animal_boar_walk_E_0 (alias of animal_bear_walk_E_0)
animal_boar_walk_E_1 (alias of animal_bear_walk_E_1)
animal_boar_walk_E_2 (alias of animal_bear_walk_E_2)
animal_boar_walk_E_3 (alias of animal_bear_walk_E_3)
animal_boar_walk_E_4 (alias of animal_bear_walk_E_4)
animal_boar_walk_E_5 (alias of animal_bear_walk_E_5)
merchant_elf_idle_1 (alias of merchant_elf_idle)
merchant_elf_idle_O_1 (alias of merchant_elf_idle_E_1)
merchant_elf_idle_O_2 (alias of merchant_elf_idle_E_2)
merchant_elf_idle_O_3 (alias of merchant_elf_idle_E_3)
merchant_elf_idle_O_4 (alias of merchant_elf_idle_E_4)
merchant_elf_idle_S_5 (alias of merchant_elf_idle_N_2)
merchant_elf_idle_W_3 (alias of merchant_elf_idle)
merchant_elf_idle_W_4 (alias of merchant_elf_idle_0)
node_herbs (alias of node_bush)
player_idle_E_3 (alias of player_idle_E_1)
player_idle_E_4 (alias of player_idle_E_1)
player_idle_E_5 (alias of player_idle_E_1)
player_idle_N_3 (alias of player_idle_N_1)
player_idle_N_4 (alias of player_idle_N_0)
player_idle_S_3 (alias of player_idle_S_1)
player_idle_S_4 (alias of player_idle_S_0)
player_idle_W_3 (alias of player_idle_W_1)
player_idle_W_4 (alias of player_idle_W_0)
water_fill_0 (alias of node_fish_spot)
Packing.........
Packing.........
Packing.........
Packing.........
Writing 1024x1024: C:\Users\kuehn\Desktop\Chatty Projekt\FuckUSurvivall Projekt\FuckUSurvivALL V0.065\FuckUSurvivALL\assets\atlas\game.png
Writing 1024x1024: C:\Users\kuehn\Desktop\Chatty Projekt\FuckUSurvivall Projekt\FuckUSurvivALL V0.065\FuckUSurvivALL\assets\atlas\game2.png
Writing 1024x1024: C:\Users\kuehn\Desktop\Chatty Projekt\FuckUSurvivall Projekt\FuckUSurvivALL V0.065\FuckUSurvivALL\assets\atlas\game3.png
Writing 1024x512: C:\Users\kuehn\Desktop\Chatty Projekt\FuckUSurvivall Projekt\FuckUSurvivALL V0.065\FuckUSurvivALL\assets\atlas\game4.png

BUILD SUCCESSFUL in 14s
1 actionable task: 1 executed
Consider enabling configuration cache to speed up this build: https://docs.gradle.org/9.5.0-milestone-2/userguide/configuration_cache_enabling.html
---- REPACK Wed Feb 25 00:47:51 CET 2026 ----
cwd=C:\Users\kuehn\Desktop\Chatty Projekt\FuckUSurvivall Projekt\FuckUSurvivALL V0.065\FuckUSurvivALL
cmd=[cmd, /c, C:\Users\kuehn\Desktop\Chatty Projekt\FuckUSurvivall Projekt\FuckUSurvivALL V0.065\FuckUSurvivALL\gradlew.bat, packAtlas]
To honour the JVM settings for this build a single-use Daemon process will be forked. For more on this, please refer to https://docs.gradle.org/9.5.0-milestone-2/userguide/gradle_daemon.html#sec:disabling_the_daemon in the Gradle documentation.
Daemon will be stopped at the end of the build 

> Task :packAtlas
Reading: C:\Users\kuehn\Desktop\Chatty Projekt\FuckUSurvivall Projekt\FuckUSurvivALL V0.065\FuckUSurvivALL\assets\atlas\src
animal_bear_death_E_3 (alias of animal_bear_death_E_1)
animal_bear_death_E_4 (alias of animal_bear_death_E_0)
animal_bear_death_N_3 (alias of animal_bear_death_N_1)
animal_bear_death_S_3 (alias of animal_bear_death_S_1)
animal_bear_death_W_3 (alias of animal_bear_death_W_1)
animal_boar_walk_E_0 (alias of animal_bear_walk_E_0)
animal_boar_walk_E_1 (alias of animal_bear_walk_E_1)
animal_boar_walk_E_2 (alias of animal_bear_walk_E_2)
animal_boar_walk_E_3 (alias of animal_bear_walk_E_3)
animal_boar_walk_E_4 (alias of animal_bear_walk_E_4)
animal_boar_walk_E_5 (alias of animal_bear_walk_E_5)
build_workbench_S_1 (alias of build_workbench)
merchant_elf_idle_1 (alias of merchant_elf_idle)
merchant_elf_idle_O_1 (alias of merchant_elf_idle_E_1)
merchant_elf_idle_O_2 (alias of merchant_elf_idle_E_2)
merchant_elf_idle_O_3 (alias of merchant_elf_idle_E_3)
merchant_elf_idle_O_4 (alias of merchant_elf_idle_E_4)
merchant_elf_idle_S_5 (alias of merchant_elf_idle_N_2)
merchant_elf_idle_W_3 (alias of merchant_elf_idle)
merchant_elf_idle_W_4 (alias of merchant_elf_idle_0)
node_herbs (alias of node_bush)
player_idle_E_3 (alias of player_idle_E_1)
player_idle_E_4 (alias of player_idle_E_1)
player_idle_E_5 (alias of player_idle_E_1)
player_idle_N_3 (alias of player_idle_N_1)
player_idle_N_4 (alias of player_idle_N_0)
player_idle_S_3 (alias of player_idle_S_1)
player_idle_S_4 (alias of player_idle_S_0)
player_idle_W_3 (alias of player_idle_W_1)
player_idle_W_4 (alias of player_idle_W_0)
water_fill_0 (alias of node_fish_spot)
Packing.........
Packing.........
Packing.........
Packing.........
Writing 1024x1024: C:\Users\kuehn\Desktop\Chatty Projekt\FuckUSurvivall Projekt\FuckUSurvivALL V0.065\FuckUSurvivALL\assets\atlas\game.png
Writing 1024x1024: C:\Users\kuehn\Desktop\Chatty Projekt\FuckUSurvivall Projekt\FuckUSurvivALL V0.065\FuckUSurvivALL\assets\atlas\game2.png
Writing 1024x1024: C:\Users\kuehn\Desktop\Chatty Projekt\FuckUSurvivall Projekt\FuckUSurvivALL V0.065\FuckUSurvivALL\assets\atlas\game3.png
Writing 1024x512: C:\Users\kuehn\Desktop\Chatty Projekt\FuckUSurvivall Projekt\FuckUSurvivALL V0.065\FuckUSurvivALL\assets\atlas\game4.png

BUILD SUCCESSFUL in 14s
1 actionable task: 1 executed
Consider enabling configuration cache to speed up this build: https://docs.gradle.org/9.5.0-milestone-2/userguide/configuration_cache_enabling.html
---- REPACK Wed Feb 25 01:19:29 CET 2026 ----
cwd=C:\Users\kuehn\Desktop\Chatty Projekt\FuckUSurvivall Projekt\FuckUSurvivALL V0.065\FuckUSurvivALL
cmd=[cmd, /c, C:\Users\kuehn\Desktop\Chatty Projekt\FuckUSurvivall Projekt\FuckUSurvivALL V0.065\FuckUSurvivALL\gradlew.bat, packAtlas]
To honour the JVM settings for this build a single-use Daemon process will be forked. For more on this, please refer to https://docs.gradle.org/9.5.0-milestone-2/userguide/gradle_daemon.html#sec:disabling_the_daemon in the Gradle documentation.
Daemon will be stopped at the end of the build 

> Task :packAtlas
Reading: C:\Users\kuehn\Desktop\Chatty Projekt\FuckUSurvivall Projekt\FuckUSurvivALL V0.065\FuckUSurvivALL\assets\atlas\src
animal_bear_death_E_3 (alias of animal_bear_death_E_1)
animal_bear_death_E_4 (alias of animal_bear_death_E_0)
animal_bear_death_N_3 (alias of animal_bear_death_N_1)
animal_bear_death_S_3 (alias of animal_bear_death_S_1)
animal_bear_death_W_3 (alias of animal_bear_death_W_1)
animal_boar_walk_E_0 (alias of animal_bear_walk_E_0)
animal_boar_walk_E_1 (alias of animal_bear_walk_E_1)
animal_boar_walk_E_2 (alias of animal_bear_walk_E_2)
animal_boar_walk_E_3 (alias of animal_bear_walk_E_3)
animal_boar_walk_E_4 (alias of animal_bear_walk_E_4)
animal_boar_walk_E_5 (alias of animal_bear_walk_E_5)
build_workbench_S_1 (alias of build_workbench)
merchant_elf_idle_1 (alias of merchant_elf_idle)
merchant_elf_idle_O_1 (alias of merchant_elf_idle_E_1)
merchant_elf_idle_O_2 (alias of merchant_elf_idle_E_2)
merchant_elf_idle_O_3 (alias of merchant_elf_idle_E_3)
merchant_elf_idle_O_4 (alias of merchant_elf_idle_E_4)
merchant_elf_idle_S_5 (alias of merchant_elf_idle_N_2)
merchant_elf_idle_W_3 (alias of merchant_elf_idle)
merchant_elf_idle_W_4 (alias of merchant_elf_idle_0)
node_herbs (alias of node_bush)
player_idle_E_3 (alias of player_idle_E_1)
player_idle_E_4 (alias of player_idle_E_1)
player_idle_E_5 (alias of player_idle_E_1)
player_idle_N_3 (alias of player_idle_N_1)
player_idle_N_4 (alias of player_idle_N_0)
player_idle_S_3 (alias of player_idle_S_1)
player_idle_S_4 (alias of player_idle_S_0)
player_idle_W_3 (alias of player_idle_W_1)
player_idle_W_4 (alias of player_idle_W_0)
water_fill_0 (alias of node_fish_spot)
Exception in thread "main" java.lang.RuntimeException: Error packing images.
	at com.badlogic.gdx.tools.texturepacker.TexturePacker.process(TexturePacker.java:754)
	at com.badlogic.gdx.tools.texturepacker.TexturePacker.process(TexturePacker.java:741)
	at com.badlogic.gdx.tools.texturepacker.TexturePacker.main(TexturePacker.java:1031)
Caused by: java.lang.Exception: Error processing directory: C:\Users\kuehn\Desktop\Chatty Projekt\FuckUSurvivall Projekt\FuckUSurvivALL V0.065\FuckUSurvivALL\assets\atlas\src
	at com.badlogic.gdx.tools.FileProcessor.process(FileProcessor.java:158)
	at com.badlogic.gdx.tools.texturepacker.TexturePackerFileProcessor.process(TexturePackerFileProcessor.java:135)
	at com.badlogic.gdx.tools.FileProcessor.process(FileProcessor.java:122)
	at com.badlogic.gdx.tools.texturepacker.TexturePackerFileProcessor.process(TexturePackerFileProcessor.java:117)
	at com.badlogic.gdx.tools.texturepacker.TexturePacker.process(TexturePacker.java:752)
	... 2 more
Caused by: java.lang.RuntimeException: Image does not fit within max page width 1024 and X edge padding 2*2: build_chest 1024x1024
	at com.badlogic.gdx.tools.texturepacker.MaxRectsPacker.packPage(MaxRectsPacker.java:129)
	at com.badlogic.gdx.tools.texturepacker.MaxRectsPacker.pack(MaxRectsPacker.java:89)
	at com.badlogic.gdx.tools.texturepacker.TexturePacker.pack(TexturePacker.java:173)
	at com.badlogic.gdx.tools.texturepacker.TexturePackerFileProcessor.pack(TexturePackerFileProcessor.java:290)
	at com.badlogic.gdx.tools.texturepacker.TexturePackerFileProcessor.processDir(TexturePackerFileProcessor.java:285)
	at com.badlogic.gdx.tools.FileProcessor.process(FileProcessor.java:156)
	... 6 more

> Task :packAtlas FAILED

FAILURE: Build failed with an exception.

* What went wrong:
Execution failed for task ':packAtlas'.
> Process 'command 'C:\Program Files\Eclipse Adoptium\jdk-21.0.10.7-hotspot\bin\java.exe'' finished with non-zero exit value 1

* Try:
> Run with --stacktrace option to get the stack trace.
> Run with --info or --debug option to get more log output.
> Run with --scan to get full insights from a Build Scan (powered by Develocity).
> Get more help at https://help.gradle.org.

BUILD FAILED in 8s
1 actionable task: 1 executed
---- REPACK Wed Feb 25 08:41:58 CET 2026 ----
cwd=\
cmd=[cmd, /c, C:\Users\kuehn\Desktop\Chatty Projekt\FuckUSurvivall Projekt\FuckUSurvivALL V0.072\gradlew.bat, packAtlas]
To honour the JVM settings for this build a single-use Daemon process will be forked. For more on this, please refer to https://docs.gradle.org/9.5.0-milestone-2/userguide/gradle_daemon.html#sec:disabling_the_daemon in the Gradle documentation.
Daemon will be stopped at the end of the build 

> Task :packAtlas
Reading: C:\Users\kuehn\Desktop\Chatty Projekt\FuckUSurvivall Projekt\FuckUSurvivALL V0.072\assets\atlas\src
animal_bear_death_E_3 (alias of animal_bear_death_E_1)
animal_bear_death_E_4 (alias of animal_bear_death_E_0)
animal_bear_death_N_3 (alias of animal_bear_death_N_1)
animal_bear_death_S_3 (alias of animal_bear_death_S_1)
animal_bear_death_W_3 (alias of animal_bear_death_W_1)
animal_boar_walk_E_0 (alias of animal_bear_walk_E_0)
animal_boar_walk_E_1 (alias of animal_bear_walk_E_1)
animal_boar_walk_E_2 (alias of animal_bear_walk_E_2)
animal_boar_walk_E_3 (alias of animal_bear_walk_E_3)
animal_boar_walk_E_4 (alias of animal_bear_walk_E_4)
animal_boar_walk_E_5 (alias of animal_bear_walk_E_5)
build_workbench_S_1 (alias of build_workbench)
merchant_elf_idle_1 (alias of merchant_elf_idle)
merchant_elf_idle_O_1 (alias of merchant_elf_idle_E_1)
merchant_elf_idle_O_2 (alias of merchant_elf_idle_E_2)
merchant_elf_idle_O_3 (alias of merchant_elf_idle_E_3)
merchant_elf_idle_O_4 (alias of merchant_elf_idle_E_4)
merchant_elf_idle_S_5 (alias of merchant_elf_idle_N_2)
merchant_elf_idle_W_3 (alias of merchant_elf_idle)
merchant_elf_idle_W_4 (alias of merchant_elf_idle_0)
node_herbs (alias of node_bush)
player_idle_E_3 (alias of player_idle_E_1)
player_idle_E_4 (alias of player_idle_E_1)
player_idle_E_5 (alias of player_idle_E_1)
player_idle_N_3 (alias of player_idle_N_1)
player_idle_N_4 (alias of player_idle_N_0)
player_idle_S_3 (alias of player_idle_S_1)
player_idle_S_4 (alias of player_idle_S_0)
player_idle_W_3 (alias of player_idle_W_1)
player_idle_W_4 (alias of player_idle_W_0)
shore_mask_3 (alias of shore_mask_2)
shore_mask_5 (alias of shore_mask_4)
shore_mask_6 (alias of shore_mask_4)
shore_mask_7 (alias of shore_mask_4)
shore_mask_9 (alias of shore_mask_8)
shore_mask_10 (alias of shore_mask_8)
shore_mask_11 (alias of shore_mask_8)
shore_mask_12 (alias of shore_mask_8)
shore_mask_13 (alias of shore_mask_8)
shore_mask_14 (alias of shore_mask_8)
shore_mask_15 (alias of shore_mask_8)
tr_dirt_on_grass_0 (alias of shore_mask_0)
tr_dirt_on_grass_7 (alias of tr_dirt_on_grass_5)
tr_dirt_on_grass_10 (alias of tr_dirt_on_grass_5)
tr_dirt_on_grass_11 (alias of tr_dirt_on_grass_5)
tr_dirt_on_grass_13 (alias of tr_dirt_on_grass_5)
tr_dirt_on_grass_14 (alias of tr_dirt_on_grass_5)
tr_dirt_on_grass_15 (alias of tr_dirt_on_grass_5)
tr_grass_on_dirt_0 (alias of shore_mask_0)
tr_grass_on_dirt_7 (alias of tr_grass_on_dirt_5)
tr_grass_on_dirt_10 (alias of tr_grass_on_dirt_5)
tr_grass_on_dirt_11 (alias of tr_grass_on_dirt_5)
tr_grass_on_dirt_13 (alias of tr_grass_on_dirt_5)
tr_grass_on_dirt_14 (alias of tr_grass_on_dirt_5)
tr_grass_on_dirt_15 (alias of tr_grass_on_dirt_5)
tr_grass_on_rock_11 (alias of tr_grass_on_rock_10)
tr_grass_on_rock_12 (alias of tr_grass_on_rock_10)
tr_grass_on_rock_13 (alias of tr_grass_on_rock_10)
tr_grass_on_rock_14 (alias of tr_grass_on_rock_10)
tr_grass_on_rock_15 (alias of tr_grass_on_rock_10)
tr_grass_on_sand_11 (alias of tr_grass_on_sand_10)
tr_grass_on_sand_12 (alias of tr_grass_on_sand_10)
tr_grass_on_sand_13 (alias of tr_grass_on_sand_10)
tr_grass_on_sand_14 (alias of tr_grass_on_sand_10)
tr_grass_on_sand_15 (alias of tr_grass_on_sand_10)
tr_grass_on_snow_11 (alias of tr_grass_on_snow_10)
tr_grass_on_snow_12 (alias of tr_grass_on_snow_10)
tr_grass_on_snow_13 (alias of tr_grass_on_snow_10)
tr_grass_on_snow_14 (alias of tr_grass_on_snow_10)
tr_grass_on_snow_15 (alias of tr_grass_on_snow_10)
tr_rock_on_grass_11 (alias of tr_rock_on_grass_10)
tr_rock_on_grass_12 (alias of tr_rock_on_grass_10)
tr_rock_on_grass_13 (alias of tr_rock_on_grass_10)
tr_rock_on_grass_14 (alias of tr_rock_on_grass_10)
tr_rock_on_grass_15 (alias of tr_rock_on_grass_10)
tr_sand_on_grass_11 (alias of tr_sand_on_grass_10)
tr_sand_on_grass_12 (alias of tr_sand_on_grass_10)
tr_sand_on_grass_13 (alias of tr_sand_on_grass_10)
tr_sand_on_grass_14 (alias of tr_sand_on_grass_10)
tr_sand_on_grass_15 (alias of tr_sand_on_grass_10)
tr_snow_on_grass_11 (alias of tr_snow_on_grass_10)
tr_snow_on_grass_12 (alias of tr_snow_on_grass_10)
tr_snow_on_grass_13 (alias of tr_snow_on_grass_10)
tr_snow_on_grass_14 (alias of tr_snow_on_grass_10)
tr_snow_on_grass_15 (alias of tr_snow_on_grass_10)
tr_water_on_dirt_0 (alias of shore_mask_0)
tr_water_on_dirt_1 (alias of shore_mask_1)
tr_water_on_dirt_2 (alias of shore_mask_2)
tr_water_on_dirt_3 (alias of shore_mask_2)
tr_water_on_dirt_4 (alias of shore_mask_4)
tr_water_on_dirt_5 (alias of shore_mask_4)
tr_water_on_dirt_6 (alias of shore_mask_4)
tr_water_on_dirt_7 (alias of shore_mask_4)
tr_water_on_dirt_8 (alias of shore_mask_8)
tr_water_on_dirt_9 (alias of shore_mask_8)
tr_water_on_dirt_10 (alias of shore_mask_8)
tr_water_on_dirt_11 (alias of shore_mask_8)
tr_water_on_dirt_12 (alias of shore_mask_8)
tr_water_on_dirt_13 (alias of shore_mask_8)
tr_water_on_dirt_14 (alias of shore_mask_8)
tr_water_on_dirt_15 (alias of shore_mask_8)
tr_water_on_grass_0 (alias of shore_mask_0)
tr_water_on_grass_1 (alias of shore_mask_1)
tr_water_on_grass_2 (alias of shore_mask_2)
tr_water_on_grass_3 (alias of shore_mask_2)
tr_water_on_grass_4 (alias of shore_mask_4)
tr_water_on_grass_5 (alias of shore_mask_4)
tr_water_on_grass_6 (alias of shore_mask_4)
tr_water_on_grass_7 (alias of shore_mask_4)
tr_water_on_grass_8 (alias of shore_mask_8)
tr_water_on_grass_9 (alias of shore_mask_8)
tr_water_on_grass_10 (alias of shore_mask_8)
tr_water_on_grass_11 (alias of shore_mask_8)
tr_water_on_grass_12 (alias of shore_mask_8)
tr_water_on_grass_13 (alias of shore_mask_8)
tr_water_on_grass_14 (alias of shore_mask_8)
tr_water_on_grass_15 (alias of shore_mask_8)
water_fill_0 (alias of node_fish_spot)
Exception in thread "main" java.lang.RuntimeException: Error packing images.
	at com.badlogic.gdx.tools.texturepacker.TexturePacker.process(TexturePacker.java:754)
	at com.badlogic.gdx.tools.texturepacker.TexturePacker.process(TexturePacker.java:741)
	at com.badlogic.gdx.tools.texturepacker.TexturePacker.main(TexturePacker.java:1031)
Caused by: java.lang.Exception: Error processing directory: C:\Users\kuehn\Desktop\Chatty Projekt\FuckUSurvivall Projekt\FuckUSurvivALL V0.072\assets\atlas\src
	at com.badlogic.gdx.tools.FileProcessor.process(FileProcessor.java:158)
	at com.badlogic.gdx.tools.texturepacker.TexturePackerFileProcessor.process(TexturePackerFileProcessor.java:135)
	at com.badlogic.gdx.tools.FileProcessor.process(FileProcessor.java:122)
	at com.badlogic.gdx.tools.texturepacker.TexturePackerFileProcessor.process(TexturePackerFileProcessor.java:117)
	at com.badlogic.gdx.tools.texturepacker.TexturePacker.process(TexturePacker.java:752)
	... 2 more
Caused by: java.lang.RuntimeException: Image does not fit within max page width 1024 and X edge padding 2*2: build_chest 1024x1024
	at com.badlogic.gdx.tools.texturepacker.MaxRectsPacker.packPage(MaxRectsPacker.java:129)
	at com.badlogic.gdx.tools.texturepacker.MaxRectsPacker.pack(MaxRectsPacker.java:89)
	at com.badlogic.gdx.tools.texturepacker.TexturePacker.pack(TexturePacker.java:173)
	at com.badlogic.gdx.tools.texturepacker.TexturePackerFileProcessor.pack(TexturePackerFileProcessor.java:290)
	at com.badlogic.gdx.tools.texturepacker.TexturePackerFileProcessor.processDir(TexturePackerFileProcessor.java:285)
	at com.badlogic.gdx.tools.FileProcessor.process(FileProcessor.java:156)
	... 6 more

> Task :packAtlas FAILED

FAILURE: Build failed with an exception.

* What went wrong:
Execution failed for task ':packAtlas'.
> Process 'command 'C:\Program Files\Eclipse Adoptium\jdk-21.0.10.7-hotspot\bin\java.exe'' finished with non-zero exit value 1

* Try:
> Run with --stacktrace option to get the stack trace.
> Run with --info or --debug option to get more log output.
> Run with --scan to get full insights from a Build Scan (powered by Develocity).
> Get more help at https://help.gradle.org.

BUILD FAILED in 8s
1 actionable task: 1 executed
---- REPACK Thu Feb 26 21:31:42 CET 2026 ----
cwd=\
cmd=[cmd, /c, C:\Users\kuehn\Desktop\Chatty Projekt\FuckUSurvivall Projekt\FuckUSurvivALL V0.083\gradlew.bat, packAtlas]
Picked up JAVA_TOOL_OPTIONS: -XX:ErrorFile=%CD%\hs_err_pid%p.log
To honour the JVM settings for this build a single-use Daemon process will be forked. For more on this, please refer to https://docs.gradle.org/9.5.0-milestone-2/userguide/gradle_daemon.html#sec:disabling_the_daemon in the Gradle documentation.
Daemon will be stopped at the end of the build 

> Task :packAtlas
Picked up JAVA_TOOL_OPTIONS: -XX:ErrorFile=%CD%\hs_err_pid%p.log
Reading: C:\Users\kuehn\Desktop\Chatty Projekt\FuckUSurvivall Projekt\FuckUSurvivALL V0.083\assets\atlas\src
animal_bear_death_E_3 (alias of animal_bear_death_E_1)
animal_bear_death_E_4 (alias of animal_bear_death_E_0)
animal_bear_death_N_3 (alias of animal_bear_death_N_1)
animal_bear_death_S_3 (alias of animal_bear_death_S_1)
animal_bear_death_W_3 (alias of animal_bear_death_W_1)
animal_boar_walk_E_0 (alias of animal_bear_walk_E_0)
animal_boar_walk_E_1 (alias of animal_bear_walk_E_1)
animal_boar_walk_E_2 (alias of animal_bear_walk_E_2)
animal_boar_walk_E_3 (alias of animal_bear_walk_E_3)
animal_boar_walk_E_4 (alias of animal_bear_walk_E_4)
animal_boar_walk_E_5 (alias of animal_bear_walk_E_5)
build_workbench_S_1 (alias of build_workbench)
edge_dirt_4 (alias of edge_dirt_1)
edge_dirt_10 (alias of edge_dirt_1)
edge_dirt_11 (alias of edge_dirt_1)
edge_dirt_14 (alias of edge_dirt_1)
edge_dirt_15 (alias of edge_dirt_1)
edge_grass_0 (alias of edge_dirt_0)
edge_grass_4 (alias of edge_grass_1)
edge_grass_10 (alias of edge_grass_1)
edge_grass_11 (alias of edge_grass_1)
edge_grass_14 (alias of edge_grass_1)
edge_grass_15 (alias of edge_grass_1)
edge_rock_0 (alias of edge_dirt_0)
edge_rock_4 (alias of edge_rock_1)
edge_rock_10 (alias of edge_rock_1)
edge_rock_11 (alias of edge_rock_1)
edge_rock_14 (alias of edge_rock_1)
edge_rock_15 (alias of edge_rock_1)
edge_sand_0 (alias of edge_dirt_0)
edge_sand_4 (alias of edge_sand_1)
edge_sand_5 (alias of edge_sand_1)
edge_sand_10 (alias of edge_sand_1)
edge_sand_11 (alias of edge_sand_1)
edge_sand_14 (alias of edge_sand_1)
edge_sand_15 (alias of edge_sand_1)
edge_snow_0 (alias of edge_dirt_0)
edge_snow_4 (alias of edge_snow_1)
edge_snow_10 (alias of edge_snow_1)
edge_snow_11 (alias of edge_snow_1)
edge_snow_14 (alias of edge_snow_1)
edge_snow_15 (alias of edge_snow_1)
merchant_elf_idle_1 (alias of merchant_elf_idle)
merchant_elf_idle_O_1 (alias of merchant_elf_idle_E_1)
merchant_elf_idle_O_2 (alias of merchant_elf_idle_E_2)
merchant_elf_idle_O_3 (alias of merchant_elf_idle_E_3)
merchant_elf_idle_O_4 (alias of merchant_elf_idle_E_4)
merchant_elf_idle_S_5 (alias of merchant_elf_idle_N_2)
merchant_elf_idle_W_3 (alias of merchant_elf_idle)
merchant_elf_idle_W_4 (alias of merchant_elf_idle_0)
node_herbs (alias of node_bush)
player_idle_E_3 (alias of player_idle_E_1)
player_idle_E_4 (alias of player_idle_E_1)
player_idle_E_5 (alias of player_idle_E_1)
player_idle_N_3 (alias of player_idle_N_1)
player_idle_N_4 (alias of player_idle_N_0)
player_idle_S_3 (alias of player_idle_S_1)
player_idle_S_4 (alias of player_idle_S_0)
player_idle_W_3 (alias of player_idle_W_1)
player_idle_W_4 (alias of player_idle_W_0)
road_mask_7 (alias of road_mask_5)
road_mask_11 (alias of road_mask_10)
road_mask_13 (alias of road_mask_5)
road_mask_14 (alias of road_mask_10)
road_mask_15 (alias of road_mask_0)
rrtransition_from_dirt_edge__up-left-down-right_0 (alias of edge_dirt_5)
shore_mask_0 (alias of edge_dirt_0)
shore_mask_3 (alias of shore_mask_2)
shore_mask_5 (alias of shore_mask_4)
shore_mask_6 (alias of shore_mask_4)
shore_mask_7 (alias of shore_mask_4)
shore_mask_9 (alias of shore_mask_8)
shore_mask_10 (alias of shore_mask_8)
shore_mask_11 (alias of shore_mask_8)
shore_mask_12 (alias of shore_mask_8)
shore_mask_13 (alias of shore_mask_8)
shore_mask_14 (alias of shore_mask_8)
shore_mask_15 (alias of shore_mask_8)
tr_dirt_on_grass_0 (alias of edge_dirt_0)
tr_dirt_on_grass_7 (alias of tr_dirt_on_grass_5)
tr_dirt_on_grass_10 (alias of tr_dirt_on_grass_5)
tr_dirt_on_grass_11 (alias of tr_dirt_on_grass_5)
tr_dirt_on_grass_13 (alias of tr_dirt_on_grass_5)
tr_dirt_on_grass_14 (alias of tr_dirt_on_grass_5)
tr_dirt_on_grass_15 (alias of tr_dirt_on_grass_5)
tr_grass_on_dirt_0 (alias of edge_dirt_0)
tr_grass_on_dirt_7 (alias of tr_grass_on_dirt_5)
tr_grass_on_dirt_10 (alias of tr_grass_on_dirt_5)
tr_grass_on_dirt_11 (alias of tr_grass_on_dirt_5)
tr_grass_on_dirt_13 (alias of tr_grass_on_dirt_5)
tr_grass_on_dirt_14 (alias of tr_grass_on_dirt_5)
tr_grass_on_dirt_15 (alias of tr_grass_on_dirt_5)
tr_grass_on_rock_11 (alias of tr_grass_on_rock_10)
tr_grass_on_rock_12 (alias of tr_grass_on_rock_10)
tr_grass_on_rock_13 (alias of tr_grass_on_rock_10)
tr_grass_on_rock_14 (alias of tr_grass_on_rock_10)
tr_grass_on_rock_15 (alias of tr_grass_on_rock_10)
tr_grass_on_sand_11 (alias of tr_grass_on_sand_10)
tr_grass_on_sand_12 (alias of tr_grass_on_sand_10)
tr_grass_on_sand_13 (alias of tr_grass_on_sand_10)
tr_grass_on_sand_14 (alias of tr_grass_on_sand_10)
tr_grass_on_sand_15 (alias of tr_grass_on_sand_10)
tr_grass_on_snow_11 (alias of tr_grass_on_snow_10)
tr_grass_on_snow_12 (alias of tr_grass_on_snow_10)
tr_grass_on_snow_13 (alias of tr_grass_on_snow_10)
tr_grass_on_snow_14 (alias of tr_grass_on_snow_10)
tr_grass_on_snow_15 (alias of tr_grass_on_snow_10)
tr_rock_on_grass_11 (alias of tr_rock_on_grass_10)
tr_rock_on_grass_12 (alias of tr_rock_on_grass_10)
tr_rock_on_grass_13 (alias of tr_rock_on_grass_10)
tr_rock_on_grass_14 (alias of tr_rock_on_grass_10)
tr_rock_on_grass_15 (alias of tr_rock_on_grass_10)
tr_sand_on_grass_11 (alias of tr_sand_on_grass_10)
tr_sand_on_grass_12 (alias of tr_sand_on_grass_10)
tr_sand_on_grass_13 (alias of tr_sand_on_grass_10)
tr_sand_on_grass_14 (alias of tr_sand_on_grass_10)
tr_sand_on_grass_15 (alias of tr_sand_on_grass_10)
tr_snow_on_grass_11 (alias of tr_snow_on_grass_10)
tr_snow_on_grass_12 (alias of tr_snow_on_grass_10)
tr_snow_on_grass_13 (alias of tr_snow_on_grass_10)
tr_snow_on_grass_14 (alias of tr_snow_on_grass_10)
tr_snow_on_grass_15 (alias of tr_snow_on_grass_10)
tr_water_on_dirt_0 (alias of edge_dirt_0)
tr_water_on_dirt_1 (alias of shore_mask_1)
tr_water_on_dirt_2 (alias of shore_mask_2)
tr_water_on_dirt_3 (alias of shore_mask_2)
tr_water_on_dirt_4 (alias of shore_mask_4)
tr_water_on_dirt_5 (alias of shore_mask_4)
tr_water_on_dirt_6 (alias of shore_mask_4)
tr_water_on_dirt_7 (alias of shore_mask_4)
tr_water_on_dirt_8 (alias of shore_mask_8)
tr_water_on_dirt_9 (alias of shore_mask_8)
tr_water_on_dirt_10 (alias of shore_mask_8)
tr_water_on_dirt_11 (alias of shore_mask_8)
tr_water_on_dirt_12 (alias of shore_mask_8)
tr_water_on_dirt_13 (alias of shore_mask_8)
tr_water_on_dirt_14 (alias of shore_mask_8)
tr_water_on_dirt_15 (alias of shore_mask_8)
tr_water_on_grass_0 (alias of edge_dirt_0)
tr_water_on_grass_1 (alias of shore_mask_1)
tr_water_on_grass_2 (alias of shore_mask_2)
tr_water_on_grass_3 (alias of shore_mask_2)
tr_water_on_grass_4 (alias of shore_mask_4)
tr_water_on_grass_5 (alias of shore_mask_4)
tr_water_on_grass_6 (alias of shore_mask_4)
tr_water_on_grass_7 (alias of shore_mask_4)
tr_water_on_grass_8 (alias of shore_mask_8)
tr_water_on_grass_9 (alias of shore_mask_8)
tr_water_on_grass_10 (alias of shore_mask_8)
tr_water_on_grass_11 (alias of shore_mask_8)
tr_water_on_grass_12 (alias of shore_mask_8)
tr_water_on_grass_13 (alias of shore_mask_8)
tr_water_on_grass_14 (alias of shore_mask_8)
tr_water_on_grass_15 (alias of shore_mask_8)
transition_from_grass_corner__down-left_0 (alias of edge_grass_8)
transition_from_grass_corner__up-right_0 (alias of edge_grass_2)
transition_from_grass_edge__down-left_0 (alias of edge_grass_7)
transition_from_grass_edge__up-left-down-right_0 (alias of edge_grass_5)
transition_from_grass_edge__up-right_0 (alias of edge_grass_13)
transition_from_grass_straight__E_0 (alias of edge_grass_6)
transition_from_grass_straight__N_0 (alias of edge_grass_3)
transition_from_grass_straight__S_0 (alias of edge_grass_12)
transition_from_grass_straight__W_0 (alias of edge_grass_9)
transition_from_rock_corner__down-left_0 (alias of edge_rock_8)
transition_from_rock_corner__up-right_0 (alias of edge_rock_2)
transition_from_rock_edge__down-left_0 (alias of edge_rock_7)
transition_from_rock_edge__up-left-down-right_0 (alias of edge_rock_5)
transition_from_rock_edge__up-right_0 (alias of edge_rock_13)
transition_from_rock_straight__E_0 (alias of edge_rock_6)
transition_from_rock_straight__N_0 (alias of edge_rock_3)
transition_from_rock_straight__S_0 (alias of edge_rock_12)
transition_from_rock_straight__W_0 (alias of edge_rock_9)
transition_from_snow_corner__down-left_0 (alias of edge_snow_8)
transition_from_snow_corner__up-right_0 (alias of edge_snow_2)
transition_from_snow_edge__down-left_0 (alias of edge_snow_7)
transition_from_snow_edge__up-left-down-right_0 (alias of edge_snow_5)
transition_from_snow_edge__up-right_0 (alias of edge_snow_13)
transition_from_snow_straight__E_0 (alias of edge_snow_6)
transition_from_snow_straight__N_0 (alias of edge_snow_3)
transition_from_snow_straight__S_0 (alias of edge_snow_12)
transition_from_snow_straight__W_0 (alias of edge_snow_9)
ts_dirt_0 (alias of edge_dirt_1)
ts_dirt_solid_0 (alias of edge_dirt_1)
ts_grass_0 (alias of edge_grass_1)
ts_r00_c01_0 (alias of road_mask_0)
ts_rock_0 (alias of edge_rock_1)
ts_sand_0 (alias of edge_sand_1)
ts_snow_0 (alias of edge_snow_1)
water_fill_0 (alias of water_deep_0)
Packing.........
Packing.........
Writing 2048x2048: C:\Users\kuehn\Desktop\Chatty Projekt\FuckUSurvivall Projekt\FuckUSurvivALL V0.083\assets\atlas\game.png
Writing 2048x512: C:\Users\kuehn\Desktop\Chatty Projekt\FuckUSurvivall Projekt\FuckUSurvivALL V0.083\assets\atlas\game2.png

BUILD SUCCESSFUL in 1m 12s
1 actionable task: 1 executed
Consider enabling configuration cache to speed up this build: https://docs.gradle.org/9.5.0-milestone-2/userguide/configuration_cache_enabling.html
---- REPACK Thu Feb 26 21:36:53 CET 2026 ----
cwd=\
cmd=[cmd, /c, C:\Users\kuehn\Desktop\Chatty Projekt\FuckUSurvivall Projekt\FuckUSurvivALL V0.083\gradlew.bat, packAtlas]
Picked up JAVA_TOOL_OPTIONS: -XX:ErrorFile=%CD%\hs_err_pid%p.log
To honour the JVM settings for this build a single-use Daemon process will be forked. For more on this, please refer to https://docs.gradle.org/9.5.0-milestone-2/userguide/gradle_daemon.html#sec:disabling_the_daemon in the Gradle documentation.
Daemon will be stopped at the end of the build 

> Task :packAtlas
Picked up JAVA_TOOL_OPTIONS: -XX:ErrorFile=%CD%\hs_err_pid%p.log
Reading: C:\Users\kuehn\Desktop\Chatty Projekt\FuckUSurvivall Projekt\FuckUSurvivALL V0.083\assets\atlas\src
animal_bear_death_E_3 (alias of animal_bear_death_E_1)
animal_bear_death_E_4 (alias of animal_bear_death_E_0)
animal_bear_death_N_3 (alias of animal_bear_death_N_1)
animal_bear_death_S_3 (alias of animal_bear_death_S_1)
animal_bear_death_W_3 (alias of animal_bear_death_W_1)
animal_boar_walk_E_0 (alias of animal_bear_walk_E_0)
animal_boar_walk_E_1 (alias of animal_bear_walk_E_1)
animal_boar_walk_E_2 (alias of animal_bear_walk_E_2)
animal_boar_walk_E_3 (alias of animal_bear_walk_E_3)
animal_boar_walk_E_4 (alias of animal_bear_walk_E_4)
animal_boar_walk_E_5 (alias of animal_bear_walk_E_5)
build_workbench_S_1 (alias of build_workbench)
edge_dirt_4 (alias of edge_dirt_1)
edge_dirt_10 (alias of edge_dirt_1)
edge_dirt_11 (alias of edge_dirt_1)
edge_dirt_14 (alias of edge_dirt_1)
edge_dirt_15 (alias of edge_dirt_1)
edge_grass_0 (alias of edge_dirt_0)
edge_grass_4 (alias of edge_grass_1)
edge_grass_10 (alias of edge_grass_1)
edge_grass_11 (alias of edge_grass_1)
edge_grass_14 (alias of edge_grass_1)
edge_grass_15 (alias of edge_grass_1)
edge_rock_0 (alias of edge_dirt_0)
edge_rock_4 (alias of edge_rock_1)
edge_rock_10 (alias of edge_rock_1)
edge_rock_11 (alias of edge_rock_1)
edge_rock_14 (alias of edge_rock_1)
edge_rock_15 (alias of edge_rock_1)
edge_sand_0 (alias of edge_dirt_0)
edge_sand_4 (alias of edge_sand_1)
edge_sand_5 (alias of edge_sand_1)
edge_sand_10 (alias of edge_sand_1)
edge_sand_11 (alias of edge_sand_1)
edge_sand_14 (alias of edge_sand_1)
edge_sand_15 (alias of edge_sand_1)
edge_snow_0 (alias of edge_dirt_0)
edge_snow_4 (alias of edge_snow_1)
edge_snow_10 (alias of edge_snow_1)
edge_snow_11 (alias of edge_snow_1)
edge_snow_14 (alias of edge_snow_1)
edge_snow_15 (alias of edge_snow_1)
merchant_elf_idle_1 (alias of merchant_elf_idle)
merchant_elf_idle_O_1 (alias of merchant_elf_idle_E_1)
merchant_elf_idle_O_2 (alias of merchant_elf_idle_E_2)
merchant_elf_idle_O_3 (alias of merchant_elf_idle_E_3)
merchant_elf_idle_O_4 (alias of merchant_elf_idle_E_4)
merchant_elf_idle_S_2 (alias of merchant_elf_idle_S)
merchant_elf_idle_S_5 (alias of merchant_elf_idle_N_2)
merchant_elf_idle_W_3 (alias of merchant_elf_idle)
merchant_elf_idle_W_4 (alias of merchant_elf_idle_0)
node_herbs (alias of node_bush)
player_idle_E_3 (alias of player_idle_E_1)
player_idle_E_4 (alias of player_idle_E_1)
player_idle_E_5 (alias of player_idle_E_1)
player_idle_N_3 (alias of player_idle_N_1)
player_idle_N_4 (alias of player_idle_N_0)
player_idle_S_3 (alias of player_idle_S_1)
player_idle_S_4 (alias of player_idle_S_0)
player_idle_W_3 (alias of player_idle_W_1)
player_idle_W_4 (alias of player_idle_W_0)
road_mask_7 (alias of road_mask_5)
road_mask_11 (alias of road_mask_10)
road_mask_13 (alias of road_mask_5)
road_mask_14 (alias of road_mask_10)
road_mask_15 (alias of road_mask_0)
rrtransition_from_dirt_edge__up-left-down-right_0 (alias of edge_dirt_5)
shore_mask_0 (alias of edge_dirt_0)
shore_mask_3 (alias of shore_mask_2)
shore_mask_5 (alias of shore_mask_4)
shore_mask_6 (alias of shore_mask_4)
shore_mask_7 (alias of shore_mask_4)
shore_mask_9 (alias of shore_mask_8)
shore_mask_10 (alias of shore_mask_8)
shore_mask_11 (alias of shore_mask_8)
shore_mask_12 (alias of shore_mask_8)
shore_mask_13 (alias of shore_mask_8)
shore_mask_14 (alias of shore_mask_8)
shore_mask_15 (alias of shore_mask_8)
tr_dirt_on_grass_0 (alias of edge_dirt_0)
tr_dirt_on_grass_7 (alias of tr_dirt_on_grass_5)
tr_dirt_on_grass_10 (alias of tr_dirt_on_grass_5)
tr_dirt_on_grass_11 (alias of tr_dirt_on_grass_5)
tr_dirt_on_grass_13 (alias of tr_dirt_on_grass_5)
tr_dirt_on_grass_14 (alias of tr_dirt_on_grass_5)
tr_dirt_on_grass_15 (alias of tr_dirt_on_grass_5)
tr_grass_on_dirt_0 (alias of edge_dirt_0)
tr_grass_on_dirt_7 (alias of tr_grass_on_dirt_5)
tr_grass_on_dirt_10 (alias of tr_grass_on_dirt_5)
tr_grass_on_dirt_11 (alias of tr_grass_on_dirt_5)
tr_grass_on_dirt_13 (alias of tr_grass_on_dirt_5)
tr_grass_on_dirt_14 (alias of tr_grass_on_dirt_5)
tr_grass_on_dirt_15 (alias of tr_grass_on_dirt_5)
tr_grass_on_rock_11 (alias of tr_grass_on_rock_10)
tr_grass_on_rock_12 (alias of tr_grass_on_rock_10)
tr_grass_on_rock_13 (alias of tr_grass_on_rock_10)
tr_grass_on_rock_14 (alias of tr_grass_on_rock_10)
tr_grass_on_rock_15 (alias of tr_grass_on_rock_10)
tr_grass_on_sand_11 (alias of tr_grass_on_sand_10)
tr_grass_on_sand_12 (alias of tr_grass_on_sand_10)
tr_grass_on_sand_13 (alias of tr_grass_on_sand_10)
tr_grass_on_sand_14 (alias of tr_grass_on_sand_10)
tr_grass_on_sand_15 (alias of tr_grass_on_sand_10)
tr_grass_on_snow_11 (alias of tr_grass_on_snow_10)
tr_grass_on_snow_12 (alias of tr_grass_on_snow_10)
tr_grass_on_snow_13 (alias of tr_grass_on_snow_10)
tr_grass_on_snow_14 (alias of tr_grass_on_snow_10)
tr_grass_on_snow_15 (alias of tr_grass_on_snow_10)
tr_rock_on_grass_11 (alias of tr_rock_on_grass_10)
tr_rock_on_grass_12 (alias of tr_rock_on_grass_10)
tr_rock_on_grass_13 (alias of tr_rock_on_grass_10)
tr_rock_on_grass_14 (alias of tr_rock_on_grass_10)
tr_rock_on_grass_15 (alias of tr_rock_on_grass_10)
tr_sand_on_grass_11 (alias of tr_sand_on_grass_10)
tr_sand_on_grass_12 (alias of tr_sand_on_grass_10)
tr_sand_on_grass_13 (alias of tr_sand_on_grass_10)
tr_sand_on_grass_14 (alias of tr_sand_on_grass_10)
tr_sand_on_grass_15 (alias of tr_sand_on_grass_10)
tr_snow_on_grass_11 (alias of tr_snow_on_grass_10)
tr_snow_on_grass_12 (alias of tr_snow_on_grass_10)
tr_snow_on_grass_13 (alias of tr_snow_on_grass_10)
tr_snow_on_grass_14 (alias of tr_snow_on_grass_10)
tr_snow_on_grass_15 (alias of tr_snow_on_grass_10)
tr_water_on_dirt_0 (alias of edge_dirt_0)
tr_water_on_dirt_1 (alias of shore_mask_1)
tr_water_on_dirt_2 (alias of shore_mask_2)
tr_water_on_dirt_3 (alias of shore_mask_2)
tr_water_on_dirt_4 (alias of shore_mask_4)
tr_water_on_dirt_5 (alias of shore_mask_4)
tr_water_on_dirt_6 (alias of shore_mask_4)
tr_water_on_dirt_7 (alias of shore_mask_4)
tr_water_on_dirt_8 (alias of shore_mask_8)
tr_water_on_dirt_9 (alias of shore_mask_8)
tr_water_on_dirt_10 (alias of shore_mask_8)
tr_water_on_dirt_11 (alias of shore_mask_8)
tr_water_on_dirt_12 (alias of shore_mask_8)
tr_water_on_dirt_13 (alias of shore_mask_8)
tr_water_on_dirt_14 (alias of shore_mask_8)
tr_water_on_dirt_15 (alias of shore_mask_8)
tr_water_on_grass_0 (alias of edge_dirt_0)
tr_water_on_grass_1 (alias of shore_mask_1)
tr_water_on_grass_2 (alias of shore_mask_2)
tr_water_on_grass_3 (alias of shore_mask_2)
tr_water_on_grass_4 (alias of shore_mask_4)
tr_water_on_grass_5 (alias of shore_mask_4)
tr_water_on_grass_6 (alias of shore_mask_4)
tr_water_on_grass_7 (alias of shore_mask_4)
tr_water_on_grass_8 (alias of shore_mask_8)
tr_water_on_grass_9 (alias of shore_mask_8)
tr_water_on_grass_10 (alias of shore_mask_8)
tr_water_on_grass_11 (alias of shore_mask_8)
tr_water_on_grass_12 (alias of shore_mask_8)
tr_water_on_grass_13 (alias of shore_mask_8)
tr_water_on_grass_14 (alias of shore_mask_8)
tr_water_on_grass_15 (alias of shore_mask_8)
transition_from_grass_corner__down-left_0 (alias of edge_grass_8)
transition_from_grass_corner__up-right_0 (alias of edge_grass_2)
transition_from_grass_edge__down-left_0 (alias of edge_grass_7)
transition_from_grass_edge__up-left-down-right_0 (alias of edge_grass_5)
transition_from_grass_edge__up-right_0 (alias of edge_grass_13)
transition_from_grass_straight__E_0 (alias of edge_grass_6)
transition_from_grass_straight__N_0 (alias of edge_grass_3)
transition_from_grass_straight__S_0 (alias of edge_grass_12)
transition_from_grass_straight__W_0 (alias of edge_grass_9)
transition_from_rock_corner__down-left_0 (alias of edge_rock_8)
transition_from_rock_corner__up-right_0 (alias of edge_rock_2)
transition_from_rock_edge__down-left_0 (alias of edge_rock_7)
transition_from_rock_edge__up-left-down-right_0 (alias of edge_rock_5)
transition_from_rock_edge__up-right_0 (alias of edge_rock_13)
transition_from_rock_straight__E_0 (alias of edge_rock_6)
transition_from_rock_straight__N_0 (alias of edge_rock_3)
transition_from_rock_straight__S_0 (alias of edge_rock_12)
transition_from_rock_straight__W_0 (alias of edge_rock_9)
transition_from_snow_corner__down-left_0 (alias of edge_snow_8)
transition_from_snow_corner__up-right_0 (alias of edge_snow_2)
transition_from_snow_edge__down-left_0 (alias of edge_snow_7)
transition_from_snow_edge__up-left-down-right_0 (alias of edge_snow_5)
transition_from_snow_edge__up-right_0 (alias of edge_snow_13)
transition_from_snow_straight__E_0 (alias of edge_snow_6)
transition_from_snow_straight__N_0 (alias of edge_snow_3)
transition_from_snow_straight__S_0 (alias of edge_snow_12)
transition_from_snow_straight__W_0 (alias of edge_snow_9)
ts_dirt_0 (alias of edge_dirt_1)
ts_dirt_solid_0 (alias of edge_dirt_1)
ts_grass_0 (alias of edge_grass_1)
ts_r00_c01_0 (alias of road_mask_0)
ts_rock_0 (alias of edge_rock_1)
ts_sand_0 (alias of edge_sand_1)
ts_snow_0 (alias of edge_snow_1)
water_fill_0 (alias of water_deep_0)
Packing.........
Packing.........
Writing 2048x2048: C:\Users\kuehn\Desktop\Chatty Projekt\FuckUSurvivall Projekt\FuckUSurvivALL V0.083\assets\atlas\game.png
Writing 2048x512: C:\Users\kuehn\Desktop\Chatty Projekt\FuckUSurvivall Projekt\FuckUSurvivALL V0.083\assets\atlas\game2.png

BUILD SUCCESSFUL in 1m 14s
1 actionable task: 1 executed
Consider enabling configuration cache to speed up this build: https://docs.gradle.org/9.5.0-milestone-2/userguide/configuration_cache_enabling.html
---- REPACK Fri Feb 27 00:45:09 CET 2026 ----
cwd=\
cmd=[cmd, /c, C:\Users\kuehn\Desktop\Chatty Projekt\FuckUSurvivall Projekt\FuckUSurvivALL V0.083\gradlew.bat, packAtlas]
Picked up JAVA_TOOL_OPTIONS: -XX:ErrorFile=%CD%\hs_err_pid%p.log
To honour the JVM settings for this build a single-use Daemon process will be forked. For more on this, please refer to https://docs.gradle.org/9.5.0-milestone-2/userguide/gradle_daemon.html#sec:disabling_the_daemon in the Gradle documentation.
Daemon will be stopped at the end of the build 

> Task :packAtlas
Picked up JAVA_TOOL_OPTIONS: -XX:ErrorFile=%CD%\hs_err_pid%p.log
Reading: C:\Users\kuehn\Desktop\Chatty Projekt\FuckUSurvivall Projekt\FuckUSurvivALL V0.083\assets\atlas\src
animal_bear_death_E_3 (alias of animal_bear_death_E_1)
animal_bear_death_E_4 (alias of animal_bear_death_E_0)
animal_bear_death_N_3 (alias of animal_bear_death_N_1)
animal_bear_death_S_3 (alias of animal_bear_death_S_1)
animal_bear_death_W_3 (alias of animal_bear_death_W_1)
animal_boar_walk_E_0 (alias of animal_bear_walk_E_0)
animal_boar_walk_E_1 (alias of animal_bear_walk_E_1)
animal_boar_walk_E_2 (alias of animal_bear_walk_E_2)
animal_boar_walk_E_3 (alias of animal_bear_walk_E_3)
animal_boar_walk_E_4 (alias of animal_bear_walk_E_4)
animal_boar_walk_E_5 (alias of animal_bear_walk_E_5)
build_workbench_S_1 (alias of build_workbench)
edge_dirt_4 (alias of edge_dirt_1)
edge_dirt_10 (alias of edge_dirt_1)
edge_dirt_11 (alias of edge_dirt_1)
edge_dirt_14 (alias of edge_dirt_1)
edge_dirt_15 (alias of edge_dirt_1)
edge_grass_0 (alias of edge_dirt_0)
edge_grass_11 (alias of edge_grass_10)
edge_grass_14 (alias of edge_grass_10)
edge_grass_15 (alias of edge_grass_10)
edge_rock_0 (alias of edge_dirt_0)
edge_rock_4 (alias of edge_rock_1)
edge_rock_10 (alias of edge_rock_1)
edge_rock_11 (alias of edge_rock_1)
edge_rock_14 (alias of edge_rock_1)
edge_rock_15 (alias of edge_rock_1)
edge_sand_0 (alias of edge_dirt_0)
edge_sand_4 (alias of edge_sand_1)
edge_sand_5 (alias of edge_sand_1)
edge_sand_10 (alias of edge_sand_1)
edge_sand_11 (alias of edge_sand_1)
edge_sand_14 (alias of edge_sand_1)
edge_sand_15 (alias of edge_sand_1)
edge_snow_0 (alias of edge_dirt_0)
edge_snow_4 (alias of edge_snow_1)
edge_snow_10 (alias of edge_snow_1)
edge_snow_11 (alias of edge_snow_1)
edge_snow_14 (alias of edge_snow_1)
edge_snow_15 (alias of edge_snow_1)
merchant_elf_idle_1 (alias of merchant_elf_idle)
merchant_elf_idle_O_1 (alias of merchant_elf_idle_E_1)
merchant_elf_idle_O_2 (alias of merchant_elf_idle_E_2)
merchant_elf_idle_O_3 (alias of merchant_elf_idle_E_3)
merchant_elf_idle_O_4 (alias of merchant_elf_idle_E_4)
merchant_elf_idle_S_2 (alias of merchant_elf_idle_S)
merchant_elf_idle_S_5 (alias of merchant_elf_idle_N_2)
merchant_elf_idle_W_3 (alias of merchant_elf_idle)
merchant_elf_idle_W_4 (alias of merchant_elf_idle_0)
node_herbs (alias of node_bush)
player_idle_E_3 (alias of player_idle_E_1)
player_idle_E_4 (alias of player_idle_E_1)
player_idle_E_5 (alias of player_idle_E_1)
player_idle_N_3 (alias of player_idle_N_1)
player_idle_N_4 (alias of player_idle_N_0)
player_idle_S_3 (alias of player_idle_S_1)
player_idle_S_4 (alias of player_idle_S_0)
player_idle_W_3 (alias of player_idle_W_1)
player_idle_W_4 (alias of player_idle_W_0)
road_mask_7 (alias of road_mask_5)
road_mask_11 (alias of road_mask_10)
road_mask_13 (alias of road_mask_5)
road_mask_14 (alias of road_mask_10)
road_mask_15 (alias of road_mask_0)
rrtransition_from_dirt_edge__up-left-down-right_0 (alias of edge_dirt_5)
shore_mask_0 (alias of edge_dirt_0)
shore_mask_3 (alias of shore_mask_2)
shore_mask_5 (alias of shore_mask_4)
shore_mask_6 (alias of shore_mask_4)
shore_mask_7 (alias of shore_mask_4)
shore_mask_9 (alias of shore_mask_8)
shore_mask_10 (alias of shore_mask_8)
shore_mask_11 (alias of shore_mask_8)
shore_mask_12 (alias of shore_mask_8)
shore_mask_13 (alias of shore_mask_8)
shore_mask_14 (alias of shore_mask_8)
shore_mask_15 (alias of shore_mask_8)
tr_dirt_on_grass_0 (alias of edge_dirt_0)
tr_dirt_on_grass_7 (alias of tr_dirt_on_grass_5)
tr_dirt_on_grass_10 (alias of tr_dirt_on_grass_5)
tr_dirt_on_grass_11 (alias of tr_dirt_on_grass_5)
tr_dirt_on_grass_13 (alias of tr_dirt_on_grass_5)
tr_dirt_on_grass_14 (alias of tr_dirt_on_grass_5)
tr_dirt_on_grass_15 (alias of tr_dirt_on_grass_5)
tr_grass_on_dirt_0 (alias of edge_dirt_0)
tr_grass_on_dirt_7 (alias of tr_grass_on_dirt_5)
tr_grass_on_dirt_10 (alias of tr_grass_on_dirt_5)
tr_grass_on_dirt_11 (alias of tr_grass_on_dirt_5)
tr_grass_on_dirt_13 (alias of tr_grass_on_dirt_5)
tr_grass_on_dirt_14 (alias of tr_grass_on_dirt_5)
tr_grass_on_dirt_15 (alias of tr_grass_on_dirt_5)
tr_grass_on_rock_11 (alias of tr_grass_on_rock_10)
tr_grass_on_rock_12 (alias of tr_grass_on_rock_10)
tr_grass_on_rock_13 (alias of tr_grass_on_rock_10)
tr_grass_on_rock_14 (alias of tr_grass_on_rock_10)
tr_grass_on_rock_15 (alias of tr_grass_on_rock_10)
tr_grass_on_sand_11 (alias of tr_grass_on_sand_10)
tr_grass_on_sand_12 (alias of tr_grass_on_sand_10)
tr_grass_on_sand_13 (alias of tr_grass_on_sand_10)
tr_grass_on_sand_14 (alias of tr_grass_on_sand_10)
tr_grass_on_sand_15 (alias of tr_grass_on_sand_10)
tr_grass_on_snow_11 (alias of tr_grass_on_snow_10)
tr_grass_on_snow_12 (alias of tr_grass_on_snow_10)
tr_grass_on_snow_13 (alias of tr_grass_on_snow_10)
tr_grass_on_snow_14 (alias of tr_grass_on_snow_10)
tr_grass_on_snow_15 (alias of tr_grass_on_snow_10)
tr_rock_on_grass_11 (alias of tr_rock_on_grass_10)
tr_rock_on_grass_12 (alias of tr_rock_on_grass_10)
tr_rock_on_grass_13 (alias of tr_rock_on_grass_10)
tr_rock_on_grass_14 (alias of tr_rock_on_grass_10)
tr_rock_on_grass_15 (alias of tr_rock_on_grass_10)
tr_sand_on_grass_11 (alias of tr_sand_on_grass_10)
tr_sand_on_grass_12 (alias of tr_sand_on_grass_10)
tr_sand_on_grass_13 (alias of tr_sand_on_grass_10)
tr_sand_on_grass_14 (alias of tr_sand_on_grass_10)
tr_sand_on_grass_15 (alias of tr_sand_on_grass_10)
tr_snow_on_grass_11 (alias of tr_snow_on_grass_10)
tr_snow_on_grass_12 (alias of tr_snow_on_grass_10)
tr_snow_on_grass_13 (alias of tr_snow_on_grass_10)
tr_snow_on_grass_14 (alias of tr_snow_on_grass_10)
tr_snow_on_grass_15 (alias of tr_snow_on_grass_10)
tr_water_on_dirt_0 (alias of edge_dirt_0)
tr_water_on_dirt_1 (alias of shore_mask_1)
tr_water_on_dirt_2 (alias of shore_mask_2)
tr_water_on_dirt_3 (alias of shore_mask_2)
tr_water_on_dirt_4 (alias of shore_mask_4)
tr_water_on_dirt_5 (alias of shore_mask_4)
tr_water_on_dirt_6 (alias of shore_mask_4)
tr_water_on_dirt_7 (alias of shore_mask_4)
tr_water_on_dirt_8 (alias of shore_mask_8)
tr_water_on_dirt_9 (alias of shore_mask_8)
tr_water_on_dirt_10 (alias of shore_mask_8)
tr_water_on_dirt_11 (alias of shore_mask_8)
tr_water_on_dirt_12 (alias of shore_mask_8)
tr_water_on_dirt_13 (alias of shore_mask_8)
tr_water_on_dirt_14 (alias of shore_mask_8)
tr_water_on_dirt_15 (alias of shore_mask_8)
tr_water_on_grass_0 (alias of edge_dirt_0)
tr_water_on_grass_1 (alias of shore_mask_1)
tr_water_on_grass_2 (alias of shore_mask_2)
tr_water_on_grass_3 (alias of shore_mask_2)
tr_water_on_grass_4 (alias of shore_mask_4)
tr_water_on_grass_5 (alias of shore_mask_4)
tr_water_on_grass_6 (alias of shore_mask_4)
tr_water_on_grass_7 (alias of shore_mask_4)
tr_water_on_grass_8 (alias of shore_mask_8)
tr_water_on_grass_9 (alias of shore_mask_8)
tr_water_on_grass_10 (alias of shore_mask_8)
tr_water_on_grass_11 (alias of shore_mask_8)
tr_water_on_grass_12 (alias of shore_mask_8)
tr_water_on_grass_13 (alias of shore_mask_8)
tr_water_on_grass_14 (alias of shore_mask_8)
tr_water_on_grass_15 (alias of shore_mask_8)
transition_from_grass_corner__down-left_0 (alias of edge_grass_2)
transition_from_grass_corner__left-up_0 (alias of edge_grass_4)
transition_from_grass_corner__right-down_0 (alias of edge_grass_1)
transition_from_grass_corner__up-right_0 (alias of edge_grass_8)
transition_from_grass_edge__down-left_0 (alias of edge_grass_7)
transition_from_grass_edge__up-left-down-right_0 (alias of edge_grass_5)
transition_from_grass_edge__up-right_0 (alias of edge_grass_13)
transition_from_grass_straight__E_0 (alias of edge_grass_6)
transition_from_grass_straight__N_0 (alias of edge_grass_3)
transition_from_grass_straight__S_0 (alias of edge_grass_12)
transition_from_grass_straight__W_0 (alias of edge_grass_9)
transition_from_rock_corner__down-left_0 (alias of edge_rock_8)
transition_from_rock_corner__up-right_0 (alias of edge_rock_2)
transition_from_rock_edge__down-left_0 (alias of edge_rock_7)
transition_from_rock_edge__up-left-down-right_0 (alias of edge_rock_5)
transition_from_rock_edge__up-right_0 (alias of edge_rock_13)
transition_from_rock_straight__E_0 (alias of edge_rock_6)
transition_from_rock_straight__N_0 (alias of edge_rock_3)
transition_from_rock_straight__S_0 (alias of edge_rock_12)
transition_from_rock_straight__W_0 (alias of edge_rock_9)
transition_from_snow_corner__down-left_0 (alias of edge_snow_8)
transition_from_snow_corner__up-right_0 (alias of edge_snow_2)
transition_from_snow_edge__down-left_0 (alias of edge_snow_7)
transition_from_snow_edge__up-left-down-right_0 (alias of edge_snow_5)
transition_from_snow_edge__up-right_0 (alias of edge_snow_13)
transition_from_snow_straight__E_0 (alias of edge_snow_6)
transition_from_snow_straight__N_0 (alias of edge_snow_3)
transition_from_snow_straight__S_0 (alias of edge_snow_12)
transition_from_snow_straight__W_0 (alias of edge_snow_9)
ts_dirt_0 (alias of edge_dirt_1)
ts_dirt_solid_0 (alias of edge_dirt_1)
ts_grass_0 (alias of edge_grass_10)
ts_r00_c01_0 (alias of road_mask_0)
ts_rock_0 (alias of edge_rock_1)
ts_sand_0 (alias of edge_sand_1)
ts_snow_0 (alias of edge_snow_1)
water_fill_0 (alias of water_deep_0)
Packing................
Writing 4096x2048: C:\Users\kuehn\Desktop\Chatty Projekt\FuckUSurvivall Projekt\FuckUSurvivALL V0.083\assets\atlas\game.png

BUILD SUCCESSFUL in 2m 20s
1 actionable task: 1 executed
Consider enabling configuration cache to speed up this build: https://docs.gradle.org/9.5.0-milestone-2/userguide/configuration_cache_enabling.html
---- REPACK Fri Feb 27 01:03:00 CET 2026 ----
cwd=\
cmd=[cmd, /c, C:\Users\kuehn\Desktop\Chatty Projekt\FuckUSurvivall Projekt\FuckUSurvivALL V0.083\gradlew.bat, packAtlas]
Picked up JAVA_TOOL_OPTIONS: -XX:ErrorFile=%CD%\hs_err_pid%p.log
---- REPACK Fri Feb 27 01:03:00 CET 2026 ----
cwd=\
cmd=[cmd, /c, C:\Users\kuehn\Desktop\Chatty Projekt\FuckUSurvivall Projekt\FuckUSurvivALL V0.083\gradlew.bat, packAtlas]
Picked up JAVA_TOOL_OPTIONS: -XX:ErrorFile=%CD%\hs_err_pid%p.log
To honour the JVM settings for this build a single-use Daemon process will be forked. For more on this, please refer to https://docs.gradle.org/9.5.0-milestone-2/userguide/gradle_daemon.html#sec:disabling_the_daemon in the Gradle documentation.
To honour the JVM settings for this build a single-use Daemon process will be forked. For more on this, please refer to https://docs.gradle.org/9.5.0-milestone-2/userguide/gradle_daemon.html#sec:disabling_the_daemon in the Gradle documentation.
Daemon will be stopped at the end of the build 
Daemon will be stopped at the end of the build 

> Task :packAtlas
Picked up JAVA_TOOL_OPTIONS: -XX:ErrorFile=%CD%\hs_err_pid%p.log
Reading: C:\Users\kuehn\Desktop\Chatty Projekt\FuckUSurvivall Projekt\FuckUSurvivALL V0.083\assets\atlas\src
animal_bear_death_E_3 (alias of animal_bear_death_E_1)
animal_bear_death_E_4 (alias of animal_bear_death_E_0)
animal_bear_death_N_3 (alias of animal_bear_death_N_1)
animal_bear_death_S_3 (alias of animal_bear_death_S_1)
animal_bear_death_W_3 (alias of animal_bear_death_W_1)
animal_boar_walk_E_0 (alias of animal_bear_walk_E_0)
animal_boar_walk_E_1 (alias of animal_bear_walk_E_1)
animal_boar_walk_E_2 (alias of animal_bear_walk_E_2)
animal_boar_walk_E_3 (alias of animal_bear_walk_E_3)
animal_boar_walk_E_4 (alias of animal_bear_walk_E_4)
animal_boar_walk_E_5 (alias of animal_bear_walk_E_5)
build_workbench_S_1 (alias of build_workbench)
edge_dirt_15 (alias of edge_dirt_14)
edge_grass_0 (alias of edge_dirt_0)
edge_grass_11 (alias of edge_grass_10)
edge_grass_14 (alias of edge_grass_10)
edge_grass_15 (alias of edge_grass_10)
edge_rock_0 (alias of edge_dirt_0)
edge_rock_15 (alias of edge_rock_11)
edge_sand_0 (alias of edge_dirt_0)
edge_sand_4 (alias of edge_sand_1)
edge_sand_5 (alias of edge_sand_1)
edge_sand_10 (alias of edge_sand_1)
edge_sand_11 (alias of edge_sand_1)
edge_sand_14 (alias of edge_sand_1)
edge_sand_15 (alias of edge_sand_1)
edge_snow_0 (alias of edge_dirt_0)
edge_snow_4 (alias of edge_snow_1)
edge_snow_10 (alias of edge_snow_1)
edge_snow_11 (alias of edge_snow_1)
edge_snow_14 (alias of edge_snow_1)
edge_snow_15 (alias of edge_snow_1)
merchant_elf_idle_1 (alias of merchant_elf_idle)
merchant_elf_idle_O_1 (alias of merchant_elf_idle_E_1)
merchant_elf_idle_O_2 (alias of merchant_elf_idle_E_2)
merchant_elf_idle_O_3 (alias of merchant_elf_idle_E_3)
merchant_elf_idle_O_4 (alias of merchant_elf_idle_E_4)
merchant_elf_idle_S_2 (alias of merchant_elf_idle_S)
merchant_elf_idle_S_5 (alias of merchant_elf_idle_N_2)
merchant_elf_idle_W_3 (alias of merchant_elf_idle)
merchant_elf_idle_W_4 (alias of merchant_elf_idle_0)
node_herbs (alias of node_bush)
player_idle_E_3 (alias of player_idle_E_1)
player_idle_E_4 (alias of player_idle_E_1)
player_idle_E_5 (alias of player_idle_E_1)
player_idle_N_3 (alias of player_idle_N_1)
player_idle_N_4 (alias of player_idle_N_0)
player_idle_S_3 (alias of player_idle_S_1)
player_idle_S_4 (alias of player_idle_S_0)
player_idle_W_3 (alias of player_idle_W_1)
player_idle_W_4 (alias of player_idle_W_0)
road_mask_7 (alias of road_mask_5)

road_mask_11 (alias of road_mask_10)
road_mask_13 (alias of road_mask_5)
road_mask_14 (alias of road_mask_10)
road_mask_15 (alias of road_mask_0)
> Task :packAtlas
shore_mask_0 (alias of edge_dirt_0)
shore_mask_3 (alias of shore_mask_2)
Picked up JAVA_TOOL_OPTIONS: -XX:ErrorFile=%CD%\hs_err_pid%p.log
shore_mask_5 (alias of shore_mask_4)
Reading: C:\Users\kuehn\Desktop\Chatty Projekt\FuckUSurvivall Projekt\FuckUSurvivALL V0.083\assets\atlas\src
shore_mask_6 (alias of shore_mask_4)
shore_mask_7 (alias of shore_mask_4)
shore_mask_9 (alias of shore_mask_8)
shore_mask_10 (alias of shore_mask_8)
shore_mask_11 (alias of shore_mask_8)
shore_mask_12 (alias of shore_mask_8)
animal_bear_death_E_3 (alias of animal_bear_death_E_1)
animal_bear_death_E_4 (alias of animal_bear_death_E_0)
animal_bear_death_N_3 (alias of animal_bear_death_N_1)
animal_bear_death_S_3 (alias of animal_bear_death_S_1)
animal_bear_death_W_3 (alias of animal_bear_death_W_1)
animal_boar_walk_E_0 (alias of animal_bear_walk_E_0)
animal_boar_walk_E_1 (alias of animal_bear_walk_E_1)
animal_boar_walk_E_2 (alias of animal_bear_walk_E_2)
shore_mask_13 (alias of shore_mask_8)
animal_boar_walk_E_3 (alias of animal_bear_walk_E_3)
shore_mask_14 (alias of shore_mask_8)
shore_mask_15 (alias of shore_mask_8)
tr_dirt_on_grass_0 (alias of edge_dirt_0)
tr_dirt_on_grass_7 (alias of tr_dirt_on_grass_5)
tr_dirt_on_grass_10 (alias of tr_dirt_on_grass_5)
animal_boar_walk_E_4 (alias of animal_bear_walk_E_4)
animal_boar_walk_E_5 (alias of animal_bear_walk_E_5)
tr_dirt_on_grass_11 (alias of tr_dirt_on_grass_5)
build_workbench_S_1 (alias of build_workbench)
tr_dirt_on_grass_13 (alias of tr_dirt_on_grass_5)
edge_dirt_15 (alias of edge_dirt_14)
tr_dirt_on_grass_14 (alias of tr_dirt_on_grass_5)
edge_grass_0 (alias of edge_dirt_0)
tr_dirt_on_grass_15 (alias of tr_dirt_on_grass_5)
edge_grass_11 (alias of edge_grass_10)
edge_grass_14 (alias of edge_grass_10)
edge_grass_15 (alias of edge_grass_10)
edge_rock_0 (alias of edge_dirt_0)
edge_rock_15 (alias of edge_rock_11)
edge_sand_0 (alias of edge_dirt_0)
edge_sand_4 (alias of edge_sand_1)
edge_sand_5 (alias of edge_sand_1)
edge_sand_10 (alias of edge_sand_1)
edge_sand_11 (alias of edge_sand_1)
edge_sand_14 (alias of edge_sand_1)
edge_sand_15 (alias of edge_sand_1)
edge_snow_0 (alias of edge_dirt_0)
edge_snow_4 (alias of edge_snow_1)
edge_snow_10 (alias of edge_snow_1)
edge_snow_11 (alias of edge_snow_1)
edge_snow_14 (alias of edge_snow_1)
edge_snow_15 (alias of edge_snow_1)
merchant_elf_idle_1 (alias of merchant_elf_idle)
merchant_elf_idle_O_1 (alias of merchant_elf_idle_E_1)
merchant_elf_idle_O_2 (alias of merchant_elf_idle_E_2)
merchant_elf_idle_O_3 (alias of merchant_elf_idle_E_3)
merchant_elf_idle_O_4 (alias of merchant_elf_idle_E_4)
merchant_elf_idle_S_2 (alias of merchant_elf_idle_S)
merchant_elf_idle_S_5 (alias of merchant_elf_idle_N_2)
merchant_elf_idle_W_3 (alias of merchant_elf_idle)
merchant_elf_idle_W_4 (alias of merchant_elf_idle_0)
node_herbs (alias of node_bush)
tr_grass_on_dirt_0 (alias of edge_dirt_0)
tr_grass_on_dirt_7 (alias of tr_grass_on_dirt_5)
tr_grass_on_dirt_10 (alias of tr_grass_on_dirt_5)
tr_grass_on_dirt_11 (alias of tr_grass_on_dirt_5)
tr_grass_on_dirt_13 (alias of tr_grass_on_dirt_5)
tr_grass_on_dirt_14 (alias of tr_grass_on_dirt_5)
tr_grass_on_dirt_15 (alias of tr_grass_on_dirt_5)
tr_grass_on_rock_11 (alias of tr_grass_on_rock_10)
tr_grass_on_rock_12 (alias of tr_grass_on_rock_10)
tr_grass_on_rock_13 (alias of tr_grass_on_rock_10)
tr_grass_on_rock_14 (alias of tr_grass_on_rock_10)
tr_grass_on_rock_15 (alias of tr_grass_on_rock_10)
tr_grass_on_sand_11 (alias of tr_grass_on_sand_10)
tr_grass_on_sand_12 (alias of tr_grass_on_sand_10)
tr_grass_on_sand_13 (alias of tr_grass_on_sand_10)
tr_grass_on_sand_14 (alias of tr_grass_on_sand_10)
tr_grass_on_sand_15 (alias of tr_grass_on_sand_10)
tr_grass_on_snow_11 (alias of tr_grass_on_snow_10)
tr_grass_on_snow_12 (alias of tr_grass_on_snow_10)
tr_grass_on_snow_13 (alias of tr_grass_on_snow_10)
tr_grass_on_snow_14 (alias of tr_grass_on_snow_10)
tr_grass_on_snow_15 (alias of tr_grass_on_snow_10)
tr_rock_on_grass_11 (alias of tr_rock_on_grass_10)
tr_rock_on_grass_12 (alias of tr_rock_on_grass_10)
tr_rock_on_grass_13 (alias of tr_rock_on_grass_10)
tr_rock_on_grass_14 (alias of tr_rock_on_grass_10)
tr_rock_on_grass_15 (alias of tr_rock_on_grass_10)
tr_sand_on_grass_11 (alias of tr_sand_on_grass_10)
player_idle_E_3 (alias of player_idle_E_1)
player_idle_E_4 (alias of player_idle_E_1)
tr_sand_on_grass_12 (alias of tr_sand_on_grass_10)
player_idle_E_5 (alias of player_idle_E_1)
tr_sand_on_grass_13 (alias of tr_sand_on_grass_10)
player_idle_N_3 (alias of player_idle_N_1)
tr_sand_on_grass_14 (alias of tr_sand_on_grass_10)
tr_sand_on_grass_15 (alias of tr_sand_on_grass_10)
player_idle_N_4 (alias of player_idle_N_0)
player_idle_S_3 (alias of player_idle_S_1)
player_idle_S_4 (alias of player_idle_S_0)
player_idle_W_3 (alias of player_idle_W_1)
player_idle_W_4 (alias of player_idle_W_0)
tr_snow_on_grass_11 (alias of tr_snow_on_grass_10)
road_mask_7 (alias of road_mask_5)
tr_snow_on_grass_12 (alias of tr_snow_on_grass_10)
tr_snow_on_grass_13 (alias of tr_snow_on_grass_10)
road_mask_11 (alias of road_mask_10)
tr_snow_on_grass_14 (alias of tr_snow_on_grass_10)
tr_snow_on_grass_15 (alias of tr_snow_on_grass_10)
tr_water_on_dirt_0 (alias of edge_dirt_0)
road_mask_13 (alias of road_mask_5)
tr_water_on_dirt_1 (alias of shore_mask_1)
tr_water_on_dirt_2 (alias of shore_mask_2)
road_mask_14 (alias of road_mask_10)
tr_water_on_dirt_3 (alias of shore_mask_2)
road_mask_15 (alias of road_mask_0)
tr_water_on_dirt_4 (alias of shore_mask_4)
tr_water_on_dirt_5 (alias of shore_mask_4)
tr_water_on_dirt_6 (alias of shore_mask_4)
tr_water_on_dirt_7 (alias of shore_mask_4)
tr_water_on_dirt_8 (alias of shore_mask_8)
shore_mask_0 (alias of edge_dirt_0)
tr_water_on_dirt_9 (alias of shore_mask_8)
tr_water_on_dirt_10 (alias of shore_mask_8)
tr_water_on_dirt_11 (alias of shore_mask_8)
tr_water_on_dirt_12 (alias of shore_mask_8)
tr_water_on_dirt_13 (alias of shore_mask_8)
tr_water_on_dirt_14 (alias of shore_mask_8)
tr_water_on_dirt_15 (alias of shore_mask_8)
tr_water_on_grass_0 (alias of edge_dirt_0)
tr_water_on_grass_1 (alias of shore_mask_1)
shore_mask_3 (alias of shore_mask_2)
tr_water_on_grass_2 (alias of shore_mask_2)
tr_water_on_grass_3 (alias of shore_mask_2)
shore_mask_5 (alias of shore_mask_4)
tr_water_on_grass_4 (alias of shore_mask_4)
tr_water_on_grass_5 (alias of shore_mask_4)
tr_water_on_grass_6 (alias of shore_mask_4)
tr_water_on_grass_7 (alias of shore_mask_4)
shore_mask_6 (alias of shore_mask_4)
tr_water_on_grass_8 (alias of shore_mask_8)
tr_water_on_grass_9 (alias of shore_mask_8)
tr_water_on_grass_10 (alias of shore_mask_8)
shore_mask_7 (alias of shore_mask_4)
tr_water_on_grass_11 (alias of shore_mask_8)
shore_mask_9 (alias of shore_mask_8)
tr_water_on_grass_12 (alias of shore_mask_8)
tr_water_on_grass_13 (alias of shore_mask_8)
tr_water_on_grass_14 (alias of shore_mask_8)
shore_mask_10 (alias of shore_mask_8)
tr_water_on_grass_15 (alias of shore_mask_8)
shore_mask_11 (alias of shore_mask_8)
transition_from_dirt_corner__down-left_0 (alias of edge_dirt_2)
shore_mask_12 (alias of shore_mask_8)
transition_from_dirt_corner__left-up_0 (alias of edge_dirt_4)
transition_from_dirt_corner__right-down_0 (alias of edge_dirt_1)
shore_mask_13 (alias of shore_mask_8)
shore_mask_14 (alias of shore_mask_8)
transition_from_dirt_corner__up-right_0 (alias of edge_dirt_8)
transition_from_dirt_edge__down-left_0 (alias of edge_dirt_7)
shore_mask_15 (alias of shore_mask_8)
transition_from_dirt_edge__down-right-up-left_0 (alias of edge_dirt_5)
tr_dirt_on_grass_0 (alias of edge_dirt_0)
transition_from_dirt_edge__left-down-right-up_0 (alias of edge_dirt_10)
transition_from_dirt_edge__right-down_0 (alias of edge_dirt_11)
tr_dirt_on_grass_7 (alias of tr_dirt_on_grass_5)
transition_from_dirt_straight__E_0 (alias of edge_dirt_6)
transition_from_dirt_straight__N_0 (alias of edge_dirt_3)
tr_dirt_on_grass_10 (alias of tr_dirt_on_grass_5)
tr_dirt_on_grass_11 (alias of tr_dirt_on_grass_5)
transition_from_dirt_straight__S_0 (alias of edge_dirt_12)
tr_dirt_on_grass_13 (alias of tr_dirt_on_grass_5)
transition_from_dirt_straight__W_0 (alias of edge_dirt_9)
tr_dirt_on_grass_14 (alias of tr_dirt_on_grass_5)
transition_from_grass_corner__down-left_0 (alias of edge_grass_2)
tr_dirt_on_grass_15 (alias of tr_dirt_on_grass_5)
tr_grass_on_dirt_0 (alias of edge_dirt_0)
transition_from_grass_corner__left-up_0 (alias of edge_grass_4)
tr_grass_on_dirt_7 (alias of tr_grass_on_dirt_5)
transition_from_grass_corner__right-down_0 (alias of edge_grass_1)
transition_from_grass_corner__up-right_0 (alias of edge_grass_8)
tr_grass_on_dirt_10 (alias of tr_grass_on_dirt_5)
transition_from_grass_edge__down-left_0 (alias of edge_grass_7)
transition_from_grass_edge__up-left-down-right_0 (alias of edge_grass_5)
transition_from_grass_edge__up-right_0 (alias of edge_grass_13)
tr_grass_on_dirt_11 (alias of tr_grass_on_dirt_5)
transition_from_grass_straight__E_0 (alias of edge_grass_6)
transition_from_grass_straight__N_0 (alias of edge_grass_3)
tr_grass_on_dirt_13 (alias of tr_grass_on_dirt_5)
transition_from_grass_straight__S_0 (alias of edge_grass_12)
transition_from_grass_straight__W_0 (alias of edge_grass_9)
tr_grass_on_dirt_14 (alias of tr_grass_on_dirt_5)
transition_from_snow_corner__down-left_0 (alias of edge_snow_8)
transition_from_snow_corner__up-right_0 (alias of edge_snow_2)
tr_grass_on_dirt_15 (alias of tr_grass_on_dirt_5)
tr_grass_on_rock_11 (alias of tr_grass_on_rock_10)
tr_grass_on_rock_12 (alias of tr_grass_on_rock_10)
transition_from_snow_edge__down-left_0 (alias of edge_snow_7)
tr_grass_on_rock_13 (alias of tr_grass_on_rock_10)
transition_from_snow_edge__up-left-down-right_0 (alias of edge_snow_5)
tr_grass_on_rock_14 (alias of tr_grass_on_rock_10)
tr_grass_on_rock_15 (alias of tr_grass_on_rock_10)
transition_from_snow_edge__up-right_0 (alias of edge_snow_13)
tr_grass_on_sand_11 (alias of tr_grass_on_sand_10)
transition_from_snow_straight__E_0 (alias of edge_snow_6)
tr_grass_on_sand_12 (alias of tr_grass_on_sand_10)
transition_from_snow_straight__N_0 (alias of edge_snow_3)
tr_grass_on_sand_13 (alias of tr_grass_on_sand_10)
transition_from_snow_straight__S_0 (alias of edge_snow_12)
tr_grass_on_sand_14 (alias of tr_grass_on_sand_10)
transition_from_snow_straight__W_0 (alias of edge_snow_9)
tr_grass_on_sand_15 (alias of tr_grass_on_sand_10)
ts_dirt_0 (alias of edge_dirt_14)
tr_grass_on_snow_11 (alias of tr_grass_on_snow_10)
ts_dirt_solid_0 (alias of edge_dirt_14)
tr_grass_on_snow_12 (alias of tr_grass_on_snow_10)
tr_grass_on_snow_13 (alias of tr_grass_on_snow_10)
ts_grass_0 (alias of edge_grass_10)
tr_grass_on_snow_14 (alias of tr_grass_on_snow_10)
tr_grass_on_snow_15 (alias of tr_grass_on_snow_10)
ts_r00_c01_0 (alias of road_mask_0)
ts_rock_0 (alias of edge_rock_11)
ts_sand_0 (alias of edge_sand_1)
ts_snow_0 (alias of edge_snow_1)
water_fill_0 (alias of water_deep_0)
tr_rock_on_grass_11 (alias of tr_rock_on_grass_10)
tr_rock_on_grass_12 (alias of tr_rock_on_grass_10)
tr_rock_on_grass_13 (alias of tr_rock_on_grass_10)
tr_rock_on_grass_14 (alias of tr_rock_on_grass_10)
tr_rock_on_grass_15 (alias of tr_rock_on_grass_10)
tr_sand_on_grass_11 (alias of tr_sand_on_grass_10)
tr_sand_on_grass_12 (alias of tr_sand_on_grass_10)
tr_sand_on_grass_13 (alias of tr_sand_on_grass_10)
tr_sand_on_grass_14 (alias of tr_sand_on_grass_10)
tr_sand_on_grass_15 (alias of tr_sand_on_grass_10)
tr_snow_on_grass_11 (alias of tr_snow_on_grass_10)
tr_snow_on_grass_12 (alias of tr_snow_on_grass_10)
tr_snow_on_grass_13 (alias of tr_snow_on_grass_10)
tr_snow_on_grass_14 (alias of tr_snow_on_grass_10)
tr_snow_on_grass_15 (alias of tr_snow_on_grass_10)
tr_water_on_dirt_0 (alias of edge_dirt_0)
tr_water_on_dirt_1 (alias of shore_mask_1)
tr_water_on_dirt_2 (alias of shore_mask_2)
tr_water_on_dirt_3 (alias of shore_mask_2)
tr_water_on_dirt_4 (alias of shore_mask_4)
tr_water_on_dirt_5 (alias of shore_mask_4)
tr_water_on_dirt_6 (alias of shore_mask_4)
tr_water_on_dirt_7 (alias of shore_mask_4)
tr_water_on_dirt_8 (alias of shore_mask_8)
tr_water_on_dirt_9 (alias of shore_mask_8)
tr_water_on_dirt_10 (alias of shore_mask_8)
tr_water_on_dirt_11 (alias of shore_mask_8)
tr_water_on_dirt_12 (alias of shore_mask_8)
tr_water_on_dirt_13 (alias of shore_mask_8)
tr_water_on_dirt_14 (alias of shore_mask_8)
tr_water_on_dirt_15 (alias of shore_mask_8)
tr_water_on_grass_0 (alias of edge_dirt_0)
tr_water_on_grass_1 (alias of shore_mask_1)
tr_water_on_grass_2 (alias of shore_mask_2)
tr_water_on_grass_3 (alias of shore_mask_2)
tr_water_on_grass_4 (alias of shore_mask_4)
tr_water_on_grass_5 (alias of shore_mask_4)
tr_water_on_grass_6 (alias of shore_mask_4)
tr_water_on_grass_7 (alias of shore_mask_4)
tr_water_on_grass_8 (alias of shore_mask_8)
tr_water_on_grass_9 (alias of shore_mask_8)
tr_water_on_grass_10 (alias of shore_mask_8)
tr_water_on_grass_11 (alias of shore_mask_8)
tr_water_on_grass_12 (alias of shore_mask_8)
tr_water_on_grass_13 (alias of shore_mask_8)
tr_water_on_grass_14 (alias of shore_mask_8)
tr_water_on_grass_15 (alias of shore_mask_8)
transition_from_dirt_corner__down-left_0 (alias of edge_dirt_2)
transition_from_dirt_corner__left-up_0 (alias of edge_dirt_4)
transition_from_dirt_corner__right-down_0 (alias of edge_dirt_1)
transition_from_dirt_corner__up-right_0 (alias of edge_dirt_8)
transition_from_dirt_edge__down-left_0 (alias of edge_dirt_7)
transition_from_dirt_edge__down-right-up-left_0 (alias of edge_dirt_5)
transition_from_dirt_edge__left-down-right-up_0 (alias of edge_dirt_10)
transition_from_dirt_edge__right-down_0 (alias of edge_dirt_11)
transition_from_dirt_straight__E_0 (alias of edge_dirt_6)
transition_from_dirt_straight__N_0 (alias of edge_dirt_3)
transition_from_dirt_straight__S_0 (alias of edge_dirt_12)
transition_from_dirt_straight__W_0 (alias of edge_dirt_9)
transition_from_grass_corner__down-left_0 (alias of edge_grass_2)
transition_from_grass_corner__left-up_0 (alias of edge_grass_4)
transition_from_grass_corner__right-down_0 (alias of edge_grass_1)
transition_from_grass_corner__up-right_0 (alias of edge_grass_8)
transition_from_grass_edge__down-left_0 (alias of edge_grass_7)
transition_from_grass_edge__up-left-down-right_0 (alias of edge_grass_5)
transition_from_grass_edge__up-right_0 (alias of edge_grass_13)
transition_from_grass_straight__E_0 (alias of edge_grass_6)
transition_from_grass_straight__N_0 (alias of edge_grass_3)
transition_from_grass_straight__S_0 (alias of edge_grass_12)
transition_from_grass_straight__W_0 (alias of edge_grass_9)
transition_from_snow_corner__down-left_0 (alias of edge_snow_8)
transition_from_snow_corner__up-right_0 (alias of edge_snow_2)
transition_from_snow_edge__down-left_0 (alias of edge_snow_7)
transition_from_snow_edge__up-left-down-right_0 (alias of edge_snow_5)
transition_from_snow_edge__up-right_0 (alias of edge_snow_13)
transition_from_snow_straight__E_0 (alias of edge_snow_6)
transition_from_snow_straight__N_0 (alias of edge_snow_3)
transition_from_snow_straight__S_0 (alias of edge_snow_12)
transition_from_snow_straight__W_0 (alias of edge_snow_9)
ts_dirt_0 (alias of edge_dirt_14)
ts_dirt_solid_0 (alias of edge_dirt_14)
ts_grass_0 (alias of edge_grass_10)
ts_r00_c01_0 (alias of road_mask_0)
ts_rock_0 (alias of edge_rock_11)
ts_sand_0 (alias of edge_sand_1)
ts_snow_0 (alias of edge_snow_1)
water_fill_0 (alias of water_deep_0)
Packing................
Writing 4096x2048: C:\Users\kuehn\Desktop\Chatty Projekt\FuckUSurvivall Projekt\FuckUSurvivALL V0.083\assets\atlas\game.png

BUILD SUCCESSFUL in 2m 24s
1 actionable task: 1 executed
Consider enabling configuration cache to speed up this build: https://docs.gradle.org/9.5.0-milestone-2/userguide/configuration_cache_enabling.html
Packing................
Writing 4096x2048: C:\Users\kuehn\Desktop\Chatty Projekt\FuckUSurvivall Projekt\FuckUSurvivALL V0.083\assets\atlas\game2.png
Exception in thread "main" java.lang.RuntimeException: Error packing images.
	at com.badlogic.gdx.tools.texturepacker.TexturePacker.process(TexturePacker.java:754)
	at com.badlogic.gdx.tools.texturepacker.TexturePacker.process(TexturePacker.java:741)
	at com.badlogic.gdx.tools.texturepacker.TexturePacker.main(TexturePacker.java:1031)
Caused by: java.lang.Exception: Error processing directory: C:\Users\kuehn\Desktop\Chatty Projekt\FuckUSurvivall Projekt\FuckUSurvivALL V0.083\assets\atlas\src
	at com.badlogic.gdx.tools.FileProcessor.process(FileProcessor.java:158)
	at com.badlogic.gdx.tools.texturepacker.TexturePackerFileProcessor.process(TexturePackerFileProcessor.java:135)
	at com.badlogic.gdx.tools.FileProcessor.process(FileProcessor.java:122)
	at com.badlogic.gdx.tools.texturepacker.TexturePackerFileProcessor.process(TexturePackerFileProcessor.java:117)
	at com.badlogic.gdx.tools.texturepacker.TexturePacker.process(TexturePacker.java:752)
	... 2 more
Caused by: com.badlogic.gdx.utils.GdxRuntimeException: A region with the name "22transition_from_dirt_edge__right-up-left-down" has already been packed: 22transition_from_dirt_edge__right-up-left-down
	at com.badlogic.gdx.tools.texturepacker.TexturePacker.writePackFile(TexturePacker.java:398)
	at com.badlogic.gdx.tools.texturepacker.TexturePacker.pack(TexturePacker.java:185)
	at com.badlogic.gdx.tools.texturepacker.TexturePackerFileProcessor.pack(TexturePackerFileProcessor.java:290)
	at com.badlogic.gdx.tools.texturepacker.TexturePackerFileProcessor.processDir(TexturePackerFileProcessor.java:285)
	at com.badlogic.gdx.tools.FileProcessor.process(FileProcessor.java:156)
	... 6 more

> Task :packAtlas FAILED

FAILURE: Build failed with an exception.

* What went wrong:
Execution failed for task ':packAtlas'.
> Process 'command 'C:\Program Files\Eclipse Adoptium\jdk-21.0.10.7-hotspot\bin\java.exe'' finished with non-zero exit value 1

* Try:
> Run with --stacktrace option to get the stack trace.
> Run with --info or --debug option to get more log output.
> Run with --scan to get full insights from a Build Scan (powered by Develocity).
> Get more help at https://help.gradle.org.

BUILD FAILED in 2m 30s
1 actionable task: 1 executed
---- REPACK Fri Feb 27 01:08:13 CET 2026 ----
cwd=\
cmd=[cmd, /c, C:\Users\kuehn\Desktop\Chatty Projekt\FuckUSurvivall Projekt\FuckUSurvivALL V0.083\gradlew.bat, packAtlas]
Picked up JAVA_TOOL_OPTIONS: -XX:ErrorFile=%CD%\hs_err_pid%p.log
---- REPACK Fri Feb 27 01:08:14 CET 2026 ----
cwd=\
cmd=[cmd, /c, C:\Users\kuehn\Desktop\Chatty Projekt\FuckUSurvivall Projekt\FuckUSurvivALL V0.083\gradlew.bat, packAtlas]
Picked up JAVA_TOOL_OPTIONS: -XX:ErrorFile=%CD%\hs_err_pid%p.log
To honour the JVM settings for this build a single-use Daemon process will be forked. For more on this, please refer to https://docs.gradle.org/9.5.0-milestone-2/userguide/gradle_daemon.html#sec:disabling_the_daemon in the Gradle documentation.
To honour the JVM settings for this build a single-use Daemon process will be forked. For more on this, please refer to https://docs.gradle.org/9.5.0-milestone-2/userguide/gradle_daemon.html#sec:disabling_the_daemon in the Gradle documentation.
Daemon will be stopped at the end of the build 
Daemon will be stopped at the end of the build 

> Task :packAtlas
Picked up JAVA_TOOL_OPTIONS: -XX:ErrorFile=%CD%\hs_err_pid%p.log
Reading: C:\Users\kuehn\Desktop\Chatty Projekt\FuckUSurvivall Projekt\FuckUSurvivALL V0.083\assets\atlas\src
animal_bear_death_E_3 (alias of animal_bear_death_E_1)
animal_bear_death_E_4 (alias of animal_bear_death_E_0)
animal_bear_death_N_3 (alias of animal_bear_death_N_1)
animal_bear_death_S_3 (alias of animal_bear_death_S_1)
animal_bear_death_W_3 (alias of animal_bear_death_W_1)
animal_boar_walk_E_0 (alias of animal_bear_walk_E_0)
animal_boar_walk_E_1 (alias of animal_bear_walk_E_1)
animal_boar_walk_E_2 (alias of animal_bear_walk_E_2)
animal_boar_walk_E_3 (alias of animal_bear_walk_E_3)
animal_boar_walk_E_4 (alias of animal_bear_walk_E_4)
animal_boar_walk_E_5 (alias of animal_bear_walk_E_5)
build_workbench_S_1 (alias of build_workbench)
edge_dirt_15 (alias of edge_dirt_14)
edge_grass_0 (alias of edge_dirt_0)
edge_grass_11 (alias of edge_grass_10)
edge_grass_14 (alias of edge_grass_10)
edge_grass_15 (alias of edge_grass_10)
edge_rock_0 (alias of edge_dirt_0)
edge_rock_15 (alias of edge_rock_11)
edge_sand_0 (alias of edge_dirt_0)
edge_sand_4 (alias of edge_sand_1)
edge_sand_5 (alias of edge_sand_1)
edge_sand_10 (alias of edge_sand_1)
edge_sand_11 (alias of edge_sand_1)
edge_sand_14 (alias of edge_sand_1)
edge_sand_15 (alias of edge_sand_1)
edge_snow_0 (alias of edge_dirt_0)
edge_snow_4 (alias of edge_snow_1)
edge_snow_10 (alias of edge_snow_1)
edge_snow_11 (alias of edge_snow_1)
edge_snow_14 (alias of edge_snow_1)
edge_snow_15 (alias of edge_snow_1)
ground_grass_0 (alias of edge_grass_10)
merchant_elf_idle_1 (alias of merchant_elf_idle)
merchant_elf_idle_O_1 (alias of merchant_elf_idle_E_1)
merchant_elf_idle_O_2 (alias of merchant_elf_idle_E_2)
merchant_elf_idle_O_3 (alias of merchant_elf_idle_E_3)
merchant_elf_idle_O_4 (alias of merchant_elf_idle_E_4)
merchant_elf_idle_S_2 (alias of merchant_elf_idle_S)
merchant_elf_idle_S_5 (alias of merchant_elf_idle_N_2)
merchant_elf_idle_W_3 (alias of merchant_elf_idle)
merchant_elf_idle_W_4 (alias of merchant_elf_idle_0)
node_herbs (alias of node_bush)
player_idle_E_3 (alias of player_idle_E_1)
player_idle_E_4 (alias of player_idle_E_1)
player_idle_E_5 (alias of player_idle_E_1)
player_idle_N_3 (alias of player_idle_N_1)
player_idle_N_4 (alias of player_idle_N_0)
player_idle_S_3 (alias of player_idle_S_1)
player_idle_S_4 (alias of player_idle_S_0)
player_idle_W_3 (alias of player_idle_W_1)
player_idle_W_4 (alias of player_idle_W_0)

> Task :packAtlas
Picked up JAVA_TOOL_OPTIONS: -XX:ErrorFile=%CD%\hs_err_pid%p.log
Reading: C:\Users\kuehn\Desktop\Chatty Projekt\FuckUSurvivall Projekt\FuckUSurvivALL V0.083\assets\atlas\src
animal_bear_death_E_3 (alias of animal_bear_death_E_1)
animal_bear_death_E_4 (alias of animal_bear_death_E_0)
animal_bear_death_N_3 (alias of animal_bear_death_N_1)
animal_bear_death_S_3 (alias of animal_bear_death_S_1)
animal_bear_death_W_3 (alias of animal_bear_death_W_1)
animal_boar_walk_E_0 (alias of animal_bear_walk_E_0)
animal_boar_walk_E_1 (alias of animal_bear_walk_E_1)
animal_boar_walk_E_2 (alias of animal_bear_walk_E_2)
animal_boar_walk_E_3 (alias of animal_bear_walk_E_3)
animal_boar_walk_E_4 (alias of animal_bear_walk_E_4)
animal_boar_walk_E_5 (alias of animal_bear_walk_E_5)
build_workbench_S_1 (alias of build_workbench)
edge_dirt_15 (alias of edge_dirt_14)
edge_grass_0 (alias of edge_dirt_0)
edge_grass_11 (alias of edge_grass_10)
edge_grass_14 (alias of edge_grass_10)
edge_grass_15 (alias of edge_grass_10)
edge_rock_0 (alias of edge_dirt_0)
edge_rock_15 (alias of edge_rock_11)
edge_sand_0 (alias of edge_dirt_0)
edge_sand_4 (alias of edge_sand_1)
edge_sand_5 (alias of edge_sand_1)
edge_sand_10 (alias of edge_sand_1)
edge_sand_11 (alias of edge_sand_1)
edge_sand_14 (alias of edge_sand_1)
edge_sand_15 (alias of edge_sand_1)
edge_snow_0 (alias of edge_dirt_0)
edge_snow_4 (alias of edge_snow_1)
edge_snow_10 (alias of edge_snow_1)
edge_snow_11 (alias of edge_snow_1)
edge_snow_14 (alias of edge_snow_1)
edge_snow_15 (alias of edge_snow_1)
ground_grass_0 (alias of edge_grass_10)
merchant_elf_idle_1 (alias of merchant_elf_idle)
merchant_elf_idle_O_1 (alias of merchant_elf_idle_E_1)
merchant_elf_idle_O_2 (alias of merchant_elf_idle_E_2)
merchant_elf_idle_O_3 (alias of merchant_elf_idle_E_3)
merchant_elf_idle_O_4 (alias of merchant_elf_idle_E_4)
merchant_elf_idle_S_2 (alias of merchant_elf_idle_S)
merchant_elf_idle_S_5 (alias of merchant_elf_idle_N_2)
merchant_elf_idle_W_3 (alias of merchant_elf_idle)
merchant_elf_idle_W_4 (alias of merchant_elf_idle_0)
node_herbs (alias of node_bush)
road_mask_7 (alias of road_mask_5)
road_mask_11 (alias of road_mask_10)
road_mask_13 (alias of road_mask_5)
road_mask_14 (alias of road_mask_10)
road_mask_15 (alias of road_mask_0)
shore_mask_0 (alias of edge_dirt_0)
shore_mask_3 (alias of shore_mask_2)
shore_mask_5 (alias of shore_mask_4)
shore_mask_6 (alias of shore_mask_4)
shore_mask_7 (alias of shore_mask_4)
shore_mask_9 (alias of shore_mask_8)
shore_mask_10 (alias of shore_mask_8)
shore_mask_11 (alias of shore_mask_8)
shore_mask_12 (alias of shore_mask_8)
shore_mask_13 (alias of shore_mask_8)
shore_mask_14 (alias of shore_mask_8)
shore_mask_15 (alias of shore_mask_8)
tr_dirt_on_grass_0 (alias of edge_dirt_0)
tr_dirt_on_grass_7 (alias of tr_dirt_on_grass_5)
tr_dirt_on_grass_10 (alias of tr_dirt_on_grass_5)
tr_dirt_on_grass_11 (alias of tr_dirt_on_grass_5)
tr_dirt_on_grass_13 (alias of tr_dirt_on_grass_5)
tr_dirt_on_grass_14 (alias of tr_dirt_on_grass_5)
tr_dirt_on_grass_15 (alias of tr_dirt_on_grass_5)
tr_grass_on_dirt_0 (alias of edge_dirt_0)
tr_grass_on_dirt_7 (alias of tr_grass_on_dirt_5)
tr_grass_on_dirt_10 (alias of tr_grass_on_dirt_5)
tr_grass_on_dirt_11 (alias of tr_grass_on_dirt_5)
tr_grass_on_dirt_13 (alias of tr_grass_on_dirt_5)
tr_grass_on_dirt_14 (alias of tr_grass_on_dirt_5)
tr_grass_on_dirt_15 (alias of tr_grass_on_dirt_5)
tr_grass_on_rock_11 (alias of tr_grass_on_rock_10)
tr_grass_on_rock_12 (alias of tr_grass_on_rock_10)
tr_grass_on_rock_13 (alias of tr_grass_on_rock_10)
tr_grass_on_rock_14 (alias of tr_grass_on_rock_10)
tr_grass_on_rock_15 (alias of tr_grass_on_rock_10)
player_idle_E_3 (alias of player_idle_E_1)
player_idle_E_4 (alias of player_idle_E_1)
player_idle_E_5 (alias of player_idle_E_1)
player_idle_N_3 (alias of player_idle_N_1)
player_idle_N_4 (alias of player_idle_N_0)
player_idle_S_3 (alias of player_idle_S_1)
player_idle_S_4 (alias of player_idle_S_0)
player_idle_W_3 (alias of player_idle_W_1)
player_idle_W_4 (alias of player_idle_W_0)
tr_grass_on_sand_11 (alias of tr_grass_on_sand_10)
tr_grass_on_sand_12 (alias of tr_grass_on_sand_10)
tr_grass_on_sand_13 (alias of tr_grass_on_sand_10)
tr_grass_on_sand_14 (alias of tr_grass_on_sand_10)
tr_grass_on_sand_15 (alias of tr_grass_on_sand_10)
tr_grass_on_snow_11 (alias of tr_grass_on_snow_10)
tr_grass_on_snow_12 (alias of tr_grass_on_snow_10)
tr_grass_on_snow_13 (alias of tr_grass_on_snow_10)
tr_grass_on_snow_14 (alias of tr_grass_on_snow_10)
tr_grass_on_snow_15 (alias of tr_grass_on_snow_10)
tr_rock_on_grass_11 (alias of tr_rock_on_grass_10)
tr_rock_on_grass_12 (alias of tr_rock_on_grass_10)
road_mask_7 (alias of road_mask_5)
road_mask_11 (alias of road_mask_10)
road_mask_13 (alias of road_mask_5)
road_mask_14 (alias of road_mask_10)
road_mask_15 (alias of road_mask_0)
shore_mask_0 (alias of edge_dirt_0)
shore_mask_3 (alias of shore_mask_2)
shore_mask_5 (alias of shore_mask_4)
shore_mask_6 (alias of shore_mask_4)
shore_mask_7 (alias of shore_mask_4)
shore_mask_9 (alias of shore_mask_8)
shore_mask_10 (alias of shore_mask_8)
shore_mask_11 (alias of shore_mask_8)
shore_mask_12 (alias of shore_mask_8)
shore_mask_13 (alias of shore_mask_8)
shore_mask_14 (alias of shore_mask_8)
shore_mask_15 (alias of shore_mask_8)
tr_dirt_on_grass_0 (alias of edge_dirt_0)
tr_dirt_on_grass_7 (alias of tr_dirt_on_grass_5)
tr_dirt_on_grass_10 (alias of tr_dirt_on_grass_5)
tr_dirt_on_grass_11 (alias of tr_dirt_on_grass_5)
tr_dirt_on_grass_13 (alias of tr_dirt_on_grass_5)
tr_dirt_on_grass_14 (alias of tr_dirt_on_grass_5)
tr_dirt_on_grass_15 (alias of tr_dirt_on_grass_5)
tr_rock_on_grass_13 (alias of tr_rock_on_grass_10)
tr_rock_on_grass_14 (alias of tr_rock_on_grass_10)
tr_rock_on_grass_15 (alias of tr_rock_on_grass_10)
tr_sand_on_grass_11 (alias of tr_sand_on_grass_10)
tr_sand_on_grass_12 (alias of tr_sand_on_grass_10)
tr_sand_on_grass_13 (alias of tr_sand_on_grass_10)
tr_sand_on_grass_14 (alias of tr_sand_on_grass_10)
tr_sand_on_grass_15 (alias of tr_sand_on_grass_10)
tr_grass_on_dirt_0 (alias of edge_dirt_0)
tr_grass_on_dirt_7 (alias of tr_grass_on_dirt_5)
tr_grass_on_dirt_10 (alias of tr_grass_on_dirt_5)
tr_grass_on_dirt_11 (alias of tr_grass_on_dirt_5)
tr_grass_on_dirt_13 (alias of tr_grass_on_dirt_5)
tr_grass_on_dirt_14 (alias of tr_grass_on_dirt_5)
tr_grass_on_dirt_15 (alias of tr_grass_on_dirt_5)
tr_grass_on_rock_11 (alias of tr_grass_on_rock_10)
tr_grass_on_rock_12 (alias of tr_grass_on_rock_10)
tr_grass_on_rock_13 (alias of tr_grass_on_rock_10)
tr_grass_on_rock_14 (alias of tr_grass_on_rock_10)
tr_grass_on_rock_15 (alias of tr_grass_on_rock_10)
tr_snow_on_grass_11 (alias of tr_snow_on_grass_10)
tr_snow_on_grass_12 (alias of tr_snow_on_grass_10)
tr_snow_on_grass_13 (alias of tr_snow_on_grass_10)
tr_snow_on_grass_14 (alias of tr_snow_on_grass_10)
tr_snow_on_grass_15 (alias of tr_snow_on_grass_10)
tr_water_on_dirt_0 (alias of edge_dirt_0)
tr_water_on_dirt_1 (alias of shore_mask_1)
tr_water_on_dirt_2 (alias of shore_mask_2)
tr_water_on_dirt_3 (alias of shore_mask_2)
tr_water_on_dirt_4 (alias of shore_mask_4)
tr_water_on_dirt_5 (alias of shore_mask_4)
tr_water_on_dirt_6 (alias of shore_mask_4)
tr_water_on_dirt_7 (alias of shore_mask_4)
tr_water_on_dirt_8 (alias of shore_mask_8)
tr_water_on_dirt_9 (alias of shore_mask_8)
tr_water_on_dirt_10 (alias of shore_mask_8)
tr_water_on_dirt_11 (alias of shore_mask_8)
tr_water_on_dirt_12 (alias of shore_mask_8)
tr_water_on_dirt_13 (alias of shore_mask_8)
tr_water_on_dirt_14 (alias of shore_mask_8)
tr_water_on_dirt_15 (alias of shore_mask_8)
tr_water_on_grass_0 (alias of edge_dirt_0)
tr_water_on_grass_1 (alias of shore_mask_1)
tr_water_on_grass_2 (alias of shore_mask_2)
tr_water_on_grass_3 (alias of shore_mask_2)
tr_water_on_grass_4 (alias of shore_mask_4)
tr_water_on_grass_5 (alias of shore_mask_4)
tr_water_on_grass_6 (alias of shore_mask_4)
tr_water_on_grass_7 (alias of shore_mask_4)
tr_grass_on_sand_11 (alias of tr_grass_on_sand_10)
tr_grass_on_sand_12 (alias of tr_grass_on_sand_10)
tr_grass_on_sand_13 (alias of tr_grass_on_sand_10)
tr_grass_on_sand_14 (alias of tr_grass_on_sand_10)
tr_grass_on_sand_15 (alias of tr_grass_on_sand_10)
tr_grass_on_snow_11 (alias of tr_grass_on_snow_10)
tr_grass_on_snow_12 (alias of tr_grass_on_snow_10)
tr_grass_on_snow_13 (alias of tr_grass_on_snow_10)
tr_grass_on_snow_14 (alias of tr_grass_on_snow_10)
tr_grass_on_snow_15 (alias of tr_grass_on_snow_10)
tr_rock_on_grass_11 (alias of tr_rock_on_grass_10)
tr_rock_on_grass_12 (alias of tr_rock_on_grass_10)
tr_rock_on_grass_13 (alias of tr_rock_on_grass_10)
tr_rock_on_grass_14 (alias of tr_rock_on_grass_10)
tr_rock_on_grass_15 (alias of tr_rock_on_grass_10)
tr_water_on_grass_8 (alias of shore_mask_8)
tr_water_on_grass_9 (alias of shore_mask_8)
tr_water_on_grass_10 (alias of shore_mask_8)
tr_water_on_grass_11 (alias of shore_mask_8)
tr_water_on_grass_12 (alias of shore_mask_8)
tr_water_on_grass_13 (alias of shore_mask_8)
tr_water_on_grass_14 (alias of shore_mask_8)
tr_water_on_grass_15 (alias of shore_mask_8)
transition_from_dirt_corner__down-left_0 (alias of edge_dirt_2)
transition_from_dirt_corner__left-up_0 (alias of edge_dirt_4)
transition_from_dirt_corner__right-down_0 (alias of edge_dirt_1)
transition_from_dirt_corner__up-right_0 (alias of edge_dirt_8)
transition_from_dirt_edge__down-left_0 (alias of edge_dirt_7)
transition_from_dirt_edge__down-right-up-left_0 (alias of edge_dirt_5)
transition_from_dirt_edge__left-down-right-up_0 (alias of edge_dirt_10)
transition_from_dirt_edge__right-down_0 (alias of edge_dirt_11)
transition_from_dirt_straight__E_0 (alias of edge_dirt_6)
transition_from_dirt_straight__N_0 (alias of edge_dirt_3)
transition_from_dirt_straight__S_0 (alias of edge_dirt_12)
transition_from_dirt_straight__W_0 (alias of edge_dirt_9)
transition_from_grass_corner__down-left_0 (alias of edge_grass_2)
transition_from_grass_corner__left-up_0 (alias of edge_grass_4)
transition_from_grass_corner__right-down_0 (alias of edge_grass_1)
transition_from_grass_corner__up-right_0 (alias of edge_grass_8)
transition_from_grass_edge__down-left_0 (alias of edge_grass_7)
transition_from_grass_edge__up-left-down-right_0 (alias of edge_grass_5)
transition_from_grass_edge__up-right_0 (alias of edge_grass_13)
transition_from_grass_straight__E_0 (alias of edge_grass_6)
transition_from_grass_straight__N_0 (alias of edge_grass_3)
transition_from_grass_straight__S_0 (alias of edge_grass_12)
transition_from_grass_straight__W_0 (alias of edge_grass_9)
transition_from_snow_corner__down-left_0 (alias of edge_snow_8)
transition_from_snow_corner__up-right_0 (alias of edge_snow_2)
transition_from_snow_edge__down-left_0 (alias of edge_snow_7)
transition_from_snow_edge__up-left-down-right_0 (alias of edge_snow_5)
transition_from_snow_edge__up-right_0 (alias of edge_snow_13)
transition_from_snow_straight__E_0 (alias of edge_snow_6)
tr_sand_on_grass_11 (alias of tr_sand_on_grass_10)
tr_sand_on_grass_12 (alias of tr_sand_on_grass_10)
tr_sand_on_grass_13 (alias of tr_sand_on_grass_10)
tr_sand_on_grass_14 (alias of tr_sand_on_grass_10)
tr_sand_on_grass_15 (alias of tr_sand_on_grass_10)
transition_from_snow_straight__N_0 (alias of edge_snow_3)
transition_from_snow_straight__S_0 (alias of edge_snow_12)
transition_from_snow_straight__W_0 (alias of edge_snow_9)
ts_dirt_0 (alias of edge_dirt_14)
ts_dirt_solid_0 (alias of edge_dirt_14)
ts_grass_0 (alias of edge_grass_10)
ts_r00_c01_0 (alias of road_mask_0)
ts_rock_0 (alias of edge_rock_11)
ts_sand_0 (alias of edge_sand_1)
ts_snow_0 (alias of edge_snow_1)
water_fill_0 (alias of water_deep_0)
tr_snow_on_grass_11 (alias of tr_snow_on_grass_10)
tr_snow_on_grass_12 (alias of tr_snow_on_grass_10)
tr_snow_on_grass_13 (alias of tr_snow_on_grass_10)
tr_snow_on_grass_14 (alias of tr_snow_on_grass_10)
tr_snow_on_grass_15 (alias of tr_snow_on_grass_10)
tr_water_on_dirt_0 (alias of edge_dirt_0)
tr_water_on_dirt_1 (alias of shore_mask_1)
tr_water_on_dirt_2 (alias of shore_mask_2)
tr_water_on_dirt_3 (alias of shore_mask_2)
tr_water_on_dirt_4 (alias of shore_mask_4)
tr_water_on_dirt_5 (alias of shore_mask_4)
tr_water_on_dirt_6 (alias of shore_mask_4)
tr_water_on_dirt_7 (alias of shore_mask_4)
tr_water_on_dirt_8 (alias of shore_mask_8)
tr_water_on_dirt_9 (alias of shore_mask_8)
tr_water_on_dirt_10 (alias of shore_mask_8)
tr_water_on_dirt_11 (alias of shore_mask_8)
tr_water_on_dirt_12 (alias of shore_mask_8)
tr_water_on_dirt_13 (alias of shore_mask_8)
tr_water_on_dirt_14 (alias of shore_mask_8)
tr_water_on_dirt_15 (alias of shore_mask_8)
tr_water_on_grass_0 (alias of edge_dirt_0)
tr_water_on_grass_1 (alias of shore_mask_1)
tr_water_on_grass_2 (alias of shore_mask_2)
tr_water_on_grass_3 (alias of shore_mask_2)
tr_water_on_grass_4 (alias of shore_mask_4)
tr_water_on_grass_5 (alias of shore_mask_4)
tr_water_on_grass_6 (alias of shore_mask_4)
tr_water_on_grass_7 (alias of shore_mask_4)
tr_water_on_grass_8 (alias of shore_mask_8)
tr_water_on_grass_9 (alias of shore_mask_8)
tr_water_on_grass_10 (alias of shore_mask_8)
tr_water_on_grass_11 (alias of shore_mask_8)
tr_water_on_grass_12 (alias of shore_mask_8)
tr_water_on_grass_13 (alias of shore_mask_8)
tr_water_on_grass_14 (alias of shore_mask_8)
tr_water_on_grass_15 (alias of shore_mask_8)
transition_from_dirt_corner__down-left_0 (alias of edge_dirt_2)
transition_from_dirt_corner__left-up_0 (alias of edge_dirt_4)
transition_from_dirt_corner__right-down_0 (alias of edge_dirt_1)
transition_from_dirt_corner__up-right_0 (alias of edge_dirt_8)
transition_from_dirt_edge__down-left_0 (alias of edge_dirt_7)
transition_from_dirt_edge__down-right-up-left_0 (alias of edge_dirt_5)
transition_from_dirt_edge__left-down-right-up_0 (alias of edge_dirt_10)
transition_from_dirt_edge__right-down_0 (alias of edge_dirt_11)
transition_from_dirt_straight__E_0 (alias of edge_dirt_6)
transition_from_dirt_straight__N_0 (alias of edge_dirt_3)
transition_from_dirt_straight__S_0 (alias of edge_dirt_12)
transition_from_dirt_straight__W_0 (alias of edge_dirt_9)
transition_from_grass_corner__down-left_0 (alias of edge_grass_2)
transition_from_grass_corner__left-up_0 (alias of edge_grass_4)
transition_from_grass_corner__right-down_0 (alias of edge_grass_1)
transition_from_grass_corner__up-right_0 (alias of edge_grass_8)
transition_from_grass_edge__down-left_0 (alias of edge_grass_7)
transition_from_grass_edge__up-left-down-right_0 (alias of edge_grass_5)
transition_from_grass_edge__up-right_0 (alias of edge_grass_13)
transition_from_grass_straight__E_0 (alias of edge_grass_6)
transition_from_grass_straight__N_0 (alias of edge_grass_3)
transition_from_grass_straight__S_0 (alias of edge_grass_12)
transition_from_grass_straight__W_0 (alias of edge_grass_9)
transition_from_snow_corner__down-left_0 (alias of edge_snow_8)
transition_from_snow_corner__up-right_0 (alias of edge_snow_2)
transition_from_snow_edge__down-left_0 (alias of edge_snow_7)
transition_from_snow_edge__up-left-down-right_0 (alias of edge_snow_5)
transition_from_snow_edge__up-right_0 (alias of edge_snow_13)
transition_from_snow_straight__E_0 (alias of edge_snow_6)
transition_from_snow_straight__N_0 (alias of edge_snow_3)
transition_from_snow_straight__S_0 (alias of edge_snow_12)
transition_from_snow_straight__W_0 (alias of edge_snow_9)
ts_dirt_0 (alias of edge_dirt_14)
ts_dirt_solid_0 (alias of edge_dirt_14)
ts_grass_0 (alias of edge_grass_10)
ts_r00_c01_0 (alias of road_mask_0)
ts_rock_0 (alias of edge_rock_11)
ts_sand_0 (alias of edge_sand_1)
ts_snow_0 (alias of edge_snow_1)
water_fill_0 (alias of water_deep_0)
Packing................
Writing 4096x2048: C:\Users\kuehn\Desktop\Chatty Projekt\FuckUSurvivall Projekt\FuckUSurvivALL V0.083\assets\atlas\game.png

BUILD SUCCESSFUL in 2m 18s
1 actionable task: 1 executed
Consider enabling configuration cache to speed up this build: https://docs.gradle.org/9.5.0-milestone-2/userguide/configuration_cache_enabling.html
Packing................
Writing 4096x2048: C:\Users\kuehn\Desktop\Chatty Projekt\FuckUSurvivall Projekt\FuckUSurvivALL V0.083\assets\atlas\game2.png
Exception in thread "main" java.lang.RuntimeException: Error packing images.
	at com.badlogic.gdx.tools.texturepacker.TexturePacker.process(TexturePacker.java:754)
	at com.badlogic.gdx.tools.texturepacker.TexturePacker.process(TexturePacker.java:741)
	at com.badlogic.gdx.tools.texturepacker.TexturePacker.main(TexturePacker.java:1031)
Caused by: java.lang.Exception: Error processing directory: C:\Users\kuehn\Desktop\Chatty Projekt\FuckUSurvivall Projekt\FuckUSurvivALL V0.083\assets\atlas\src
	at com.badlogic.gdx.tools.FileProcessor.process(FileProcessor.java:158)
	at com.badlogic.gdx.tools.texturepacker.TexturePackerFileProcessor.process(TexturePackerFileProcessor.java:135)
	at com.badlogic.gdx.tools.FileProcessor.process(FileProcessor.java:122)
	at com.badlogic.gdx.tools.texturepacker.TexturePackerFileProcessor.process(TexturePackerFileProcessor.java:117)
	at com.badlogic.gdx.tools.texturepacker.TexturePacker.process(TexturePacker.java:752)
	... 2 more
Caused by: com.badlogic.gdx.utils.GdxRuntimeException: A region with the name "22transition_from_dirt_edge__right-up-left-down" has already been packed: 22transition_from_dirt_edge__right-up-left-down
	at com.badlogic.gdx.tools.texturepacker.TexturePacker.writePackFile(TexturePacker.java:398)
	at com.badlogic.gdx.tools.texturepacker.TexturePacker.pack(TexturePacker.java:185)
	at com.badlogic.gdx.tools.texturepacker.TexturePackerFileProcessor.pack(TexturePackerFileProcessor.java:290)
	at com.badlogic.gdx.tools.texturepacker.TexturePackerFileProcessor.processDir(TexturePackerFileProcessor.java:285)
	at com.badlogic.gdx.tools.FileProcessor.process(FileProcessor.java:156)
	... 6 more

> Task :packAtlas FAILED

FAILURE: Build failed with an exception.

* What went wrong:
Execution failed for task ':packAtlas'.
> Process 'command 'C:\Program Files\Eclipse Adoptium\jdk-21.0.10.7-hotspot\bin\java.exe'' finished with non-zero exit value 1

* Try:
> Run with --stacktrace option to get the stack trace.
> Run with --info or --debug option to get more log output.
> Run with --scan to get full insights from a Build Scan (powered by Develocity).
> Get more help at https://help.gradle.org.

BUILD FAILED in 2m 30s
1 actionable task: 1 executed
---- REPACK Fri Feb 27 01:15:32 CET 2026 ----
cwd=\
cmd=[cmd, /c, C:\Users\kuehn\Desktop\Chatty Projekt\FuckUSurvivall Projekt\FuckUSurvivALL V0.083\gradlew.bat, packAtlas]
Picked up JAVA_TOOL_OPTIONS: -XX:ErrorFile=%CD%\hs_err_pid%p.log
To honour the JVM settings for this build a single-use Daemon process will be forked. For more on this, please refer to https://docs.gradle.org/9.5.0-milestone-2/userguide/gradle_daemon.html#sec:disabling_the_daemon in the Gradle documentation.
Daemon will be stopped at the end of the build 

> Task :packAtlas
Picked up JAVA_TOOL_OPTIONS: -XX:ErrorFile=%CD%\hs_err_pid%p.log
Reading: C:\Users\kuehn\Desktop\Chatty Projekt\FuckUSurvivall Projekt\FuckUSurvivALL V0.083\assets\atlas\src
animal_bear_death_E_3 (alias of animal_bear_death_E_1)
animal_bear_death_E_4 (alias of animal_bear_death_E_0)
animal_bear_death_N_3 (alias of animal_bear_death_N_1)
animal_bear_death_S_3 (alias of animal_bear_death_S_1)
animal_bear_death_W_3 (alias of animal_bear_death_W_1)
animal_boar_walk_E_0 (alias of animal_bear_walk_E_0)
animal_boar_walk_E_1 (alias of animal_bear_walk_E_1)
animal_boar_walk_E_2 (alias of animal_bear_walk_E_2)
animal_boar_walk_E_3 (alias of animal_bear_walk_E_3)
animal_boar_walk_E_4 (alias of animal_bear_walk_E_4)
animal_boar_walk_E_5 (alias of animal_bear_walk_E_5)
build_workbench_S_1 (alias of build_workbench)
edge_dirt_15 (alias of edge_dirt_14)
edge_grass_0 (alias of edge_dirt_0)
edge_grass_11 (alias of edge_grass_10)
edge_grass_14 (alias of edge_grass_10)
edge_grass_15 (alias of edge_grass_10)
edge_rock_0 (alias of edge_dirt_0)
edge_rock_15 (alias of edge_rock_11)
edge_sand_0 (alias of edge_dirt_0)
edge_sand_4 (alias of edge_sand_1)
edge_sand_5 (alias of edge_sand_1)
edge_sand_10 (alias of edge_sand_1)
edge_sand_11 (alias of edge_sand_1)
edge_sand_14 (alias of edge_sand_1)
edge_sand_15 (alias of edge_sand_1)
edge_snow_0 (alias of edge_dirt_0)
edge_snow_4 (alias of edge_snow_1)
edge_snow_10 (alias of edge_snow_1)
edge_snow_11 (alias of edge_snow_1)
edge_snow_14 (alias of edge_snow_1)
edge_snow_15 (alias of edge_snow_1)
ground_grass_0 (alias of edge_grass_10)
merchant_elf_idle_1 (alias of merchant_elf_idle)
merchant_elf_idle_O_1 (alias of merchant_elf_idle_E_1)
merchant_elf_idle_O_2 (alias of merchant_elf_idle_E_2)
merchant_elf_idle_O_3 (alias of merchant_elf_idle_E_3)
merchant_elf_idle_O_4 (alias of merchant_elf_idle_E_4)
merchant_elf_idle_S_2 (alias of merchant_elf_idle_S)
merchant_elf_idle_S_5 (alias of merchant_elf_idle_N_2)
merchant_elf_idle_W_3 (alias of merchant_elf_idle)
merchant_elf_idle_W_4 (alias of merchant_elf_idle_0)
node_herbs (alias of node_bush)
player_idle_E_3 (alias of player_idle_E_1)
player_idle_E_4 (alias of player_idle_E_1)
player_idle_E_5 (alias of player_idle_E_1)
player_idle_N_3 (alias of player_idle_N_1)
player_idle_N_4 (alias of player_idle_N_0)
player_idle_S_3 (alias of player_idle_S_1)
player_idle_S_4 (alias of player_idle_S_0)
player_idle_W_3 (alias of player_idle_W_1)
player_idle_W_4 (alias of player_idle_W_0)
road_mask_7 (alias of road_mask_5)
road_mask_11 (alias of road_mask_10)
road_mask_13 (alias of road_mask_5)
road_mask_14 (alias of road_mask_10)
road_mask_15 (alias of road_mask_0)
shore_mask_0 (alias of edge_dirt_0)
shore_mask_3 (alias of shore_mask_2)
shore_mask_5 (alias of shore_mask_4)
shore_mask_6 (alias of shore_mask_4)
shore_mask_7 (alias of shore_mask_4)
shore_mask_9 (alias of shore_mask_8)
shore_mask_10 (alias of shore_mask_8)
shore_mask_11 (alias of shore_mask_8)
shore_mask_12 (alias of shore_mask_8)
shore_mask_13 (alias of shore_mask_8)
shore_mask_14 (alias of shore_mask_8)
shore_mask_15 (alias of shore_mask_8)
tr_dirt_on_grass_0 (alias of edge_dirt_0)
tr_dirt_on_grass_7 (alias of tr_dirt_on_grass_5)
tr_dirt_on_grass_10 (alias of tr_dirt_on_grass_5)
tr_dirt_on_grass_11 (alias of tr_dirt_on_grass_5)
tr_dirt_on_grass_13 (alias of tr_dirt_on_grass_5)
tr_dirt_on_grass_14 (alias of tr_dirt_on_grass_5)
tr_dirt_on_grass_15 (alias of tr_dirt_on_grass_5)
tr_grass_on_dirt_0 (alias of edge_dirt_0)
tr_grass_on_dirt_7 (alias of tr_grass_on_dirt_5)
tr_grass_on_dirt_10 (alias of tr_grass_on_dirt_5)
tr_grass_on_dirt_11 (alias of tr_grass_on_dirt_5)
tr_grass_on_dirt_13 (alias of tr_grass_on_dirt_5)
tr_grass_on_dirt_14 (alias of tr_grass_on_dirt_5)
tr_grass_on_dirt_15 (alias of tr_grass_on_dirt_5)
tr_grass_on_rock_11 (alias of tr_grass_on_rock_10)
tr_grass_on_rock_12 (alias of tr_grass_on_rock_10)
tr_grass_on_rock_13 (alias of tr_grass_on_rock_10)
tr_grass_on_rock_14 (alias of tr_grass_on_rock_10)
tr_grass_on_rock_15 (alias of tr_grass_on_rock_10)
tr_grass_on_sand_11 (alias of tr_grass_on_sand_10)
tr_grass_on_sand_12 (alias of tr_grass_on_sand_10)
tr_grass_on_sand_13 (alias of tr_grass_on_sand_10)
tr_grass_on_sand_14 (alias of tr_grass_on_sand_10)
tr_grass_on_sand_15 (alias of tr_grass_on_sand_10)
tr_grass_on_snow_11 (alias of tr_grass_on_snow_10)
tr_grass_on_snow_12 (alias of tr_grass_on_snow_10)
tr_grass_on_snow_13 (alias of tr_grass_on_snow_10)
tr_grass_on_snow_14 (alias of tr_grass_on_snow_10)
tr_grass_on_snow_15 (alias of tr_grass_on_snow_10)
tr_rock_on_grass_11 (alias of tr_rock_on_grass_10)
tr_rock_on_grass_12 (alias of tr_rock_on_grass_10)
tr_rock_on_grass_13 (alias of tr_rock_on_grass_10)
tr_rock_on_grass_14 (alias of tr_rock_on_grass_10)
tr_rock_on_grass_15 (alias of tr_rock_on_grass_10)
tr_sand_on_grass_11 (alias of tr_sand_on_grass_10)
tr_sand_on_grass_12 (alias of tr_sand_on_grass_10)
tr_sand_on_grass_13 (alias of tr_sand_on_grass_10)
tr_sand_on_grass_14 (alias of tr_sand_on_grass_10)
tr_sand_on_grass_15 (alias of tr_sand_on_grass_10)
tr_snow_on_grass_11 (alias of tr_snow_on_grass_10)
tr_snow_on_grass_12 (alias of tr_snow_on_grass_10)
tr_snow_on_grass_13 (alias of tr_snow_on_grass_10)
tr_snow_on_grass_14 (alias of tr_snow_on_grass_10)
tr_snow_on_grass_15 (alias of tr_snow_on_grass_10)
tr_water_on_dirt_0 (alias of edge_dirt_0)
tr_water_on_dirt_1 (alias of shore_mask_1)
tr_water_on_dirt_2 (alias of shore_mask_2)
tr_water_on_dirt_3 (alias of shore_mask_2)
tr_water_on_dirt_4 (alias of shore_mask_4)
tr_water_on_dirt_5 (alias of shore_mask_4)
tr_water_on_dirt_6 (alias of shore_mask_4)
tr_water_on_dirt_7 (alias of shore_mask_4)
tr_water_on_dirt_8 (alias of shore_mask_8)
tr_water_on_dirt_9 (alias of shore_mask_8)
tr_water_on_dirt_10 (alias of shore_mask_8)
tr_water_on_dirt_11 (alias of shore_mask_8)
tr_water_on_dirt_12 (alias of shore_mask_8)
tr_water_on_dirt_13 (alias of shore_mask_8)
tr_water_on_dirt_14 (alias of shore_mask_8)
tr_water_on_dirt_15 (alias of shore_mask_8)
tr_water_on_grass_0 (alias of edge_dirt_0)
tr_water_on_grass_1 (alias of shore_mask_1)
tr_water_on_grass_2 (alias of shore_mask_2)
tr_water_on_grass_3 (alias of shore_mask_2)
tr_water_on_grass_4 (alias of shore_mask_4)
tr_water_on_grass_5 (alias of shore_mask_4)
tr_water_on_grass_6 (alias of shore_mask_4)
tr_water_on_grass_7 (alias of shore_mask_4)
tr_water_on_grass_8 (alias of shore_mask_8)
tr_water_on_grass_9 (alias of shore_mask_8)
tr_water_on_grass_10 (alias of shore_mask_8)
tr_water_on_grass_11 (alias of shore_mask_8)
tr_water_on_grass_12 (alias of shore_mask_8)
tr_water_on_grass_13 (alias of shore_mask_8)
tr_water_on_grass_14 (alias of shore_mask_8)
tr_water_on_grass_15 (alias of shore_mask_8)
transition_from_dirt_corner__down-left_0 (alias of edge_dirt_8)
transition_from_dirt_corner__left-up_0 (alias of edge_dirt_1)
transition_from_dirt_corner__right-down_0 (alias of edge_dirt_4)
transition_from_dirt_corner__up-right_0 (alias of edge_dirt_2)
transition_from_dirt_edge__down-left_0 (alias of edge_dirt_7)
transition_from_dirt_edge__down-right-up-left_0 (alias of edge_dirt_5)
transition_from_dirt_edge__left-down-right-up_0 (alias of edge_dirt_10)
transition_from_dirt_edge__right-down_0 (alias of edge_dirt_11)
transition_from_dirt_straight__E_0 (alias of edge_dirt_6)
transition_from_dirt_straight__N_0 (alias of edge_dirt_3)
transition_from_dirt_straight__S_0 (alias of edge_dirt_12)
transition_from_dirt_straight__W_0 (alias of edge_dirt_9)
transition_from_grass_corner__down-left_0 (alias of edge_grass_2)
transition_from_grass_corner__left-up_0 (alias of edge_grass_4)
transition_from_grass_corner__right-down_0 (alias of edge_grass_1)
transition_from_grass_corner__up-right_0 (alias of edge_grass_8)
transition_from_grass_edge__down-left_0 (alias of edge_grass_7)
transition_from_grass_edge__up-left-down-right_0 (alias of edge_grass_5)
transition_from_grass_edge__up-right_0 (alias of edge_grass_13)
transition_from_grass_straight__E_0 (alias of edge_grass_6)
transition_from_grass_straight__N_0 (alias of edge_grass_3)
transition_from_grass_straight__S_0 (alias of edge_grass_12)
transition_from_grass_straight__W_0 (alias of edge_grass_9)
transition_from_snow_corner__down-left_0 (alias of edge_snow_8)
transition_from_snow_corner__up-right_0 (alias of edge_snow_2)
transition_from_snow_edge__down-left_0 (alias of edge_snow_7)
transition_from_snow_edge__up-left-down-right_0 (alias of edge_snow_5)
transition_from_snow_edge__up-right_0 (alias of edge_snow_13)
transition_from_snow_straight__E_0 (alias of edge_snow_6)
transition_from_snow_straight__N_0 (alias of edge_snow_3)
transition_from_snow_straight__S_0 (alias of edge_snow_12)
transition_from_snow_straight__W_0 (alias of edge_snow_9)
ts_dirt_0 (alias of edge_dirt_14)
ts_dirt_solid_0 (alias of edge_dirt_14)
ts_grass_0 (alias of edge_grass_10)
ts_r00_c01_0 (alias of road_mask_0)
ts_rock_0 (alias of edge_rock_11)
ts_sand_0 (alias of edge_sand_1)
ts_snow_0 (alias of edge_snow_1)
water_fill_0 (alias of water_deep_0)
Packing................
Writing 4096x2048: C:\Users\kuehn\Desktop\Chatty Projekt\FuckUSurvivall Projekt\FuckUSurvivALL V0.083\assets\atlas\game.png

BUILD SUCCESSFUL in 2m 31s
1 actionable task: 1 executed
Consider enabling configuration cache to speed up this build: https://docs.gradle.org/9.5.0-milestone-2/userguide/configuration_cache_enabling.html
---- REPACK Fri Feb 27 12:22:52 CET 2026 ----
cwd=\
cmd=[cmd, /c, C:\Users\kuehn\Desktop\Chatty Projekt\FuckUSurvivall Projekt\FuckUSurvivALL V0.083\gradlew.bat, packAtlas]
Picked up JAVA_TOOL_OPTIONS: -XX:ErrorFile=%CD%\hs_err_pid%p.log
To honour the JVM settings for this build a single-use Daemon process will be forked. For more on this, please refer to https://docs.gradle.org/9.5.0-milestone-2/userguide/gradle_daemon.html#sec:disabling_the_daemon in the Gradle documentation.
Daemon will be stopped at the end of the build 

> Task :packAtlasLiving
Picked up JAVA_TOOL_OPTIONS: -XX:ErrorFile=%CD%\hs_err_pid%p.log
Reading: C:\Users\kuehn\Desktop\Chatty Projekt\FuckUSurvivall Projekt\FuckUSurvivALL V0.083\assets\atlas\src_living
animal_bear_death_E_3 (alias of animal_bear_death_E_1)
animal_bear_death_E_4 (alias of animal_bear_death_E_0)
animal_bear_death_N_3 (alias of animal_bear_death_N_1)
animal_bear_death_S_3 (alias of animal_bear_death_S_1)
animal_bear_death_W_3 (alias of animal_bear_death_W_1)
animal_boar_walk_E_0 (alias of animal_bear_walk_E_0)
animal_boar_walk_E_1 (alias of animal_bear_walk_E_1)
animal_boar_walk_E_2 (alias of animal_bear_walk_E_2)
animal_boar_walk_E_3 (alias of animal_bear_walk_E_3)
animal_boar_walk_E_4 (alias of animal_bear_walk_E_4)
animal_boar_walk_E_5 (alias of animal_bear_walk_E_5)
merchant_elf_idle_1 (alias of merchant_elf_idle)
merchant_elf_idle_O_1 (alias of merchant_elf_idle_E_1)
merchant_elf_idle_O_2 (alias of merchant_elf_idle_E_2)
merchant_elf_idle_O_3 (alias of merchant_elf_idle_E_3)
merchant_elf_idle_O_4 (alias of merchant_elf_idle_E_4)
merchant_elf_idle_S_2 (alias of merchant_elf_idle_S)
merchant_elf_idle_S_5 (alias of merchant_elf_idle_N_2)
merchant_elf_idle_W_3 (alias of merchant_elf_idle)
merchant_elf_idle_W_4 (alias of merchant_elf_idle_0)
player_idle_E_3 (alias of player_idle_E_1)
player_idle_E_4 (alias of player_idle_E_1)
player_idle_E_5 (alias of player_idle_E_1)
player_idle_N_3 (alias of player_idle_N_1)
player_idle_N_4 (alias of player_idle_N_0)
player_idle_S_3 (alias of player_idle_S_1)
player_idle_S_4 (alias of player_idle_S_0)
player_idle_W_3 (alias of player_idle_W_1)
player_idle_W_4 (alias of player_idle_W_0)
Packing............
Writing 4096x1024: C:\Users\kuehn\Desktop\Chatty Projekt\FuckUSurvivall Projekt\FuckUSurvivALL V0.083\assets\atlas\living.png

> Task :packAtlasStatic
Picked up JAVA_TOOL_OPTIONS: -XX:ErrorFile=%CD%\hs_err_pid%p.log
Reading: C:\Users\kuehn\Desktop\Chatty Projekt\FuckUSurvivall Projekt\FuckUSurvivALL V0.083\assets\atlas\src_static
build_workbench_S_1 (alias of build_workbench)
edge_dirt_15 (alias of edge_dirt_14)
edge_grass_11 (alias of edge_grass_10)
edge_grass_14 (alias of edge_grass_10)
edge_grass_15 (alias of edge_grass_10)
edge_rock_15 (alias of edge_rock_11)
edge_sand_10 (alias of edge_sand_1)
edge_sand_11 (alias of edge_sand_1)
edge_sand_14 (alias of edge_sand_1)
edge_snow_0 (alias of edge_rock_0)
edge_snow_4 (alias of edge_snow_1)
edge_snow_10 (alias of edge_snow_1)
edge_snow_11 (alias of edge_snow_1)
edge_snow_14 (alias of edge_snow_1)
edge_snow_15 (alias of edge_snow_1)
ground_grass_0 (alias of edge_grass_10)
node_herbs (alias of node_bush)
road_mask_7 (alias of road_mask_5)
road_mask_11 (alias of road_mask_10)
road_mask_13 (alias of road_mask_5)
road_mask_14 (alias of road_mask_10)
road_mask_15 (alias of road_mask_0)
shore_mask_0 (alias of edge_rock_0)
shore_mask_3 (alias of shore_mask_2)
shore_mask_5 (alias of shore_mask_4)
shore_mask_6 (alias of shore_mask_4)
shore_mask_7 (alias of shore_mask_4)
shore_mask_9 (alias of shore_mask_8)
shore_mask_10 (alias of shore_mask_8)
shore_mask_11 (alias of shore_mask_8)
shore_mask_12 (alias of shore_mask_8)
shore_mask_13 (alias of shore_mask_8)
shore_mask_14 (alias of shore_mask_8)
shore_mask_15 (alias of shore_mask_8)
transition_from_dirt_corner__down-left_0 (alias of edge_dirt_8)
transition_from_dirt_corner__left-up_0 (alias of edge_dirt_1)
transition_from_dirt_corner__right-down_0 (alias of edge_dirt_4)
transition_from_dirt_corner__up-right_0 (alias of edge_dirt_2)
transition_from_dirt_edge__down-left_0 (alias of edge_dirt_7)
transition_from_dirt_edge__down-right-up-left_0 (alias of edge_dirt_5)
transition_from_dirt_edge__left-down-right-up_0 (alias of edge_dirt_10)
transition_from_dirt_edge__right-down_0 (alias of edge_dirt_11)
transition_from_dirt_straight__N_0 (alias of edge_dirt_3)
transition_from_dirt_straight__S_0 (alias of edge_dirt_12)
transition_from_grass_corner__down-left_0 (alias of edge_grass_2)
transition_from_grass_corner__left-up_0 (alias of edge_grass_4)
transition_from_grass_corner__right-down_0 (alias of edge_grass_1)
transition_from_grass_corner__up-right_0 (alias of edge_grass_8)
transition_from_grass_edge__down-left_0 (alias of edge_grass_7)
transition_from_grass_edge__up-left-down-right_0 (alias of edge_grass_5)
transition_from_grass_edge__up-right_0 (alias of edge_grass_13)
transition_from_grass_straight__E_0 (alias of edge_grass_6)
transition_from_grass_straight__N_0 (alias of edge_grass_3)
transition_from_grass_straight__S_0 (alias of edge_grass_12)
transition_from_grass_straight__W_0 (alias of edge_grass_9)
ts_dirt_0 (alias of edge_dirt_14)
ts_dirt_solid_0 (alias of edge_dirt_14)
ts_grass_0 (alias of edge_grass_10)
ts_r00_c00_0 (alias of edge_grass_10)
ts_r00_c01_0 (alias of road_mask_0)
ts_rock_0 (alias of edge_rock_11)
ts_sand_0 (alias of edge_sand_1)
ts_snow_0 (alias of edge_snow_1)
water_fill_0 (alias of water_deep_0)
Packing................
Writing 2048x2048: C:\Users\kuehn\Desktop\Chatty Projekt\FuckUSurvivall Projekt\FuckUSurvivALL V0.083\assets\atlas\static.png

> Task :packAtlasUi
Picked up JAVA_TOOL_OPTIONS: -XX:ErrorFile=%CD%\hs_err_pid%p.log
Reading: C:\Users\kuehn\Desktop\Chatty Projekt\FuckUSurvivall Projekt\FuckUSurvivALL V0.083\assets\atlas\src_ui
Packing..........
Writing 1024x512: C:\Users\kuehn\Desktop\Chatty Projekt\FuckUSurvivall Projekt\FuckUSurvivALL V0.083\assets\atlas\ui.png

> Task :packAtlas

BUILD SUCCESSFUL in 22s
3 actionable tasks: 3 executed
Consider enabling configuration cache to speed up this build: https://docs.gradle.org/9.5.0-milestone-2/userguide/configuration_cache_enabling.html
---- REPACK Fri Feb 27 12:24:22 CET 2026 ----
cwd=\
cmd=[cmd, /c, C:\Users\kuehn\Desktop\Chatty Projekt\FuckUSurvivall Projekt\FuckUSurvivALL V0.083\gradlew.bat, packAtlas]
Picked up JAVA_TOOL_OPTIONS: -XX:ErrorFile=%CD%\hs_err_pid%p.log
To honour the JVM settings for this build a single-use Daemon process will be forked. For more on this, please refer to https://docs.gradle.org/9.5.0-milestone-2/userguide/gradle_daemon.html#sec:disabling_the_daemon in the Gradle documentation.
Daemon will be stopped at the end of the build 

> Task :packAtlasLiving
Picked up JAVA_TOOL_OPTIONS: -XX:ErrorFile=%CD%\hs_err_pid%p.log
Reading: C:\Users\kuehn\Desktop\Chatty Projekt\FuckUSurvivall Projekt\FuckUSurvivALL V0.083\assets\atlas\src_living
animal_bear_death_E_3 (alias of animal_bear_death_E_1)
animal_bear_death_E_4 (alias of animal_bear_death_E_0)
animal_bear_death_N_3 (alias of animal_bear_death_N_1)
animal_bear_death_S_3 (alias of animal_bear_death_S_1)
animal_bear_death_W_3 (alias of animal_bear_death_W_1)
animal_boar_walk_E_0 (alias of animal_bear_walk_E_0)
animal_boar_walk_E_1 (alias of animal_bear_walk_E_1)
animal_boar_walk_E_2 (alias of animal_bear_walk_E_2)
animal_boar_walk_E_3 (alias of animal_bear_walk_E_3)
animal_boar_walk_E_4 (alias of animal_bear_walk_E_4)
animal_boar_walk_E_5 (alias of animal_bear_walk_E_5)
merchant_elf_idle_1 (alias of merchant_elf_idle)
merchant_elf_idle_O_1 (alias of merchant_elf_idle_E_1)
merchant_elf_idle_O_2 (alias of merchant_elf_idle_E_2)
merchant_elf_idle_O_3 (alias of merchant_elf_idle_E_3)
merchant_elf_idle_O_4 (alias of merchant_elf_idle_E_4)
merchant_elf_idle_S_2 (alias of merchant_elf_idle_S)
merchant_elf_idle_S_5 (alias of merchant_elf_idle_N_2)
merchant_elf_idle_W_3 (alias of merchant_elf_idle)
merchant_elf_idle_W_4 (alias of merchant_elf_idle_0)
player_idle_E_3 (alias of player_idle_E_1)
player_idle_E_4 (alias of player_idle_E_1)
player_idle_E_5 (alias of player_idle_E_1)
player_idle_N_3 (alias of player_idle_N_1)
player_idle_N_4 (alias of player_idle_N_0)
player_idle_S_3 (alias of player_idle_S_1)
player_idle_S_4 (alias of player_idle_S_0)
player_idle_W_3 (alias of player_idle_W_1)
player_idle_W_4 (alias of player_idle_W_0)
Packing............
Writing 4096x1024: C:\Users\kuehn\Desktop\Chatty Projekt\FuckUSurvivall Projekt\FuckUSurvivALL V0.083\assets\atlas\living.png

> Task :packAtlasStatic
Picked up JAVA_TOOL_OPTIONS: -XX:ErrorFile=%CD%\hs_err_pid%p.log
Reading: C:\Users\kuehn\Desktop\Chatty Projekt\FuckUSurvivall Projekt\FuckUSurvivALL V0.083\assets\atlas\src_static
build_workbench_S_1 (alias of build_workbench)
deco_water_rock_1 (alias of deco_grass_tuft_2)
deco_water_rock_3 (alias of deco_grass_tuft_0)
edge_dirt_15 (alias of edge_dirt_14)
edge_grass_11 (alias of edge_grass_10)
edge_grass_14 (alias of edge_grass_10)
edge_grass_15 (alias of edge_grass_10)
edge_rock_15 (alias of edge_rock_11)
edge_sand_10 (alias of edge_sand_1)
edge_sand_11 (alias of edge_sand_1)
edge_sand_14 (alias of edge_sand_1)
edge_snow_0 (alias of edge_rock_0)
edge_snow_4 (alias of edge_snow_1)
edge_snow_10 (alias of edge_snow_1)
edge_snow_11 (alias of edge_snow_1)
edge_snow_14 (alias of edge_snow_1)
edge_snow_15 (alias of edge_snow_1)
ground_grass_0 (alias of edge_grass_10)
node_herbs (alias of node_bush)
road_mask_7 (alias of road_mask_5)
road_mask_11 (alias of road_mask_10)
road_mask_13 (alias of road_mask_5)
road_mask_14 (alias of road_mask_10)
road_mask_15 (alias of road_mask_0)
shore_mask_0 (alias of edge_rock_0)
shore_mask_3 (alias of shore_mask_2)
shore_mask_5 (alias of shore_mask_4)
shore_mask_6 (alias of shore_mask_4)
shore_mask_7 (alias of shore_mask_4)
shore_mask_9 (alias of shore_mask_8)
shore_mask_10 (alias of shore_mask_8)
shore_mask_11 (alias of shore_mask_8)
shore_mask_12 (alias of shore_mask_8)
shore_mask_13 (alias of shore_mask_8)
shore_mask_14 (alias of shore_mask_8)
shore_mask_15 (alias of shore_mask_8)
transition_from_dirt_corner__down-left_0 (alias of edge_dirt_8)
transition_from_dirt_corner__left-up_0 (alias of edge_dirt_1)
transition_from_dirt_corner__right-down_0 (alias of edge_dirt_4)
transition_from_dirt_corner__up-right_0 (alias of edge_dirt_2)
transition_from_dirt_edge__down-left_0 (alias of edge_dirt_7)
transition_from_dirt_edge__down-right-up-left_0 (alias of edge_dirt_5)
transition_from_dirt_edge__left-down-right-up_0 (alias of edge_dirt_10)
transition_from_dirt_edge__right-down_0 (alias of edge_dirt_11)
transition_from_dirt_straight__N_0 (alias of edge_dirt_3)
transition_from_dirt_straight__S_0 (alias of edge_dirt_12)
transition_from_grass_corner__down-left_0 (alias of edge_grass_2)
transition_from_grass_corner__left-up_0 (alias of edge_grass_4)
transition_from_grass_corner__right-down_0 (alias of edge_grass_1)
transition_from_grass_corner__up-right_0 (alias of edge_grass_8)
transition_from_grass_edge__down-left_0 (alias of edge_grass_7)
transition_from_grass_edge__up-left-down-right_0 (alias of edge_grass_5)
transition_from_grass_edge__up-right_0 (alias of edge_grass_13)
transition_from_grass_straight__E_0 (alias of edge_grass_6)
transition_from_grass_straight__N_0 (alias of edge_grass_3)
transition_from_grass_straight__S_0 (alias of edge_grass_12)
transition_from_grass_straight__W_0 (alias of edge_grass_9)
ts_dirt_0 (alias of edge_dirt_14)
ts_dirt_solid_0 (alias of edge_dirt_14)
ts_grass_0 (alias of edge_grass_10)
ts_r00_c00_0 (alias of edge_grass_10)
ts_r00_c01_0 (alias of road_mask_0)
ts_rock_0 (alias of edge_rock_11)
ts_sand_0 (alias of edge_sand_1)
ts_snow_0 (alias of edge_snow_1)
water_fill_0 (alias of water_deep_0)
Packing................
Writing 2048x2048: C:\Users\kuehn\Desktop\Chatty Projekt\FuckUSurvivall Projekt\FuckUSurvivALL V0.083\assets\atlas\static.png

> Task :packAtlasUi
Picked up JAVA_TOOL_OPTIONS: -XX:ErrorFile=%CD%\hs_err_pid%p.log
Reading: C:\Users\kuehn\Desktop\Chatty Projekt\FuckUSurvivall Projekt\FuckUSurvivALL V0.083\assets\atlas\src_ui
Packing..........
Writing 1024x512: C:\Users\kuehn\Desktop\Chatty Projekt\FuckUSurvivall Projekt\FuckUSurvivALL V0.083\assets\atlas\ui.png

> Task :packAtlas

BUILD SUCCESSFUL in 22s
3 actionable tasks: 3 executed
Consider enabling configuration cache to speed up this build: https://docs.gradle.org/9.5.0-milestone-2/userguide/configuration_cache_enabling.html
---- REPACK Fri Feb 27 12:25:41 CET 2026 ----
cwd=\
cmd=[cmd, /c, C:\Users\kuehn\Desktop\Chatty Projekt\FuckUSurvivall Projekt\FuckUSurvivALL V0.083\gradlew.bat, packAtlas]
Picked up JAVA_TOOL_OPTIONS: -XX:ErrorFile=%CD%\hs_err_pid%p.log
To honour the JVM settings for this build a single-use Daemon process will be forked. For more on this, please refer to https://docs.gradle.org/9.5.0-milestone-2/userguide/gradle_daemon.html#sec:disabling_the_daemon in the Gradle documentation.
Daemon will be stopped at the end of the build 

> Task :packAtlasLiving
Picked up JAVA_TOOL_OPTIONS: -XX:ErrorFile=%CD%\hs_err_pid%p.log
Reading: C:\Users\kuehn\Desktop\Chatty Projekt\FuckUSurvivall Projekt\FuckUSurvivALL V0.083\assets\atlas\src_living
animal_bear_death_E_3 (alias of animal_bear_death_E_1)
animal_bear_death_E_4 (alias of animal_bear_death_E_0)
animal_bear_death_N_3 (alias of animal_bear_death_N_1)
animal_bear_death_S_3 (alias of animal_bear_death_S_1)
animal_bear_death_W_3 (alias of animal_bear_death_W_1)
animal_boar_walk_E_0 (alias of animal_bear_walk_E_0)
animal_boar_walk_E_1 (alias of animal_bear_walk_E_1)
animal_boar_walk_E_2 (alias of animal_bear_walk_E_2)
animal_boar_walk_E_3 (alias of animal_bear_walk_E_3)
animal_boar_walk_E_4 (alias of animal_bear_walk_E_4)
animal_boar_walk_E_5 (alias of animal_bear_walk_E_5)
merchant_elf_idle_1 (alias of merchant_elf_idle)
merchant_elf_idle_O_1 (alias of merchant_elf_idle_E_1)
merchant_elf_idle_O_2 (alias of merchant_elf_idle_E_2)
merchant_elf_idle_O_3 (alias of merchant_elf_idle_E_3)
merchant_elf_idle_O_4 (alias of merchant_elf_idle_E_4)
merchant_elf_idle_S_2 (alias of merchant_elf_idle_S)
merchant_elf_idle_S_5 (alias of merchant_elf_idle_N_2)
merchant_elf_idle_W_3 (alias of merchant_elf_idle)
merchant_elf_idle_W_4 (alias of merchant_elf_idle_0)
player_idle_E_3 (alias of player_idle_E_1)
player_idle_E_4 (alias of player_idle_E_1)
player_idle_E_5 (alias of player_idle_E_1)
player_idle_N_3 (alias of player_idle_N_1)
player_idle_N_4 (alias of player_idle_N_0)
player_idle_S_3 (alias of player_idle_S_1)
player_idle_S_4 (alias of player_idle_S_0)
player_idle_W_3 (alias of player_idle_W_1)
player_idle_W_4 (alias of player_idle_W_0)
Packing............
Writing 4096x1024: C:\Users\kuehn\Desktop\Chatty Projekt\FuckUSurvivall Projekt\FuckUSurvivALL V0.083\assets\atlas\living.png

> Task :packAtlasStatic
Picked up JAVA_TOOL_OPTIONS: -XX:ErrorFile=%CD%\hs_err_pid%p.log
Reading: C:\Users\kuehn\Desktop\Chatty Projekt\FuckUSurvivall Projekt\FuckUSurvivALL V0.083\assets\atlas\src_static
build_workbench_S_1 (alias of build_workbench)
deco_water_rock_1 (alias of deco_grass_tuft_2)
deco_water_rock_3 (alias of deco_grass_tuft_0)
edge_dirt_15 (alias of edge_dirt_14)
edge_grass_11 (alias of edge_grass_10)
edge_grass_14 (alias of edge_grass_10)
edge_grass_15 (alias of edge_grass_10)
edge_rock_15 (alias of edge_rock_11)
edge_sand_10 (alias of edge_sand_1)
edge_sand_11 (alias of edge_sand_1)
edge_sand_14 (alias of edge_sand_1)
edge_snow_0 (alias of edge_rock_0)
edge_snow_4 (alias of edge_snow_1)
edge_snow_10 (alias of edge_snow_1)
edge_snow_11 (alias of edge_snow_1)
edge_snow_14 (alias of edge_snow_1)
edge_snow_15 (alias of edge_snow_1)
ground_grass_0 (alias of edge_grass_10)
node_herbs (alias of node_bush)
road_mask_7 (alias of road_mask_5)
road_mask_11 (alias of road_mask_10)
road_mask_13 (alias of road_mask_5)
road_mask_14 (alias of road_mask_10)
road_mask_15 (alias of road_mask_0)
shore_mask_0 (alias of edge_rock_0)
shore_mask_3 (alias of shore_mask_2)
shore_mask_5 (alias of shore_mask_4)
shore_mask_6 (alias of shore_mask_4)
shore_mask_7 (alias of shore_mask_4)
shore_mask_9 (alias of shore_mask_8)
shore_mask_10 (alias of shore_mask_8)
shore_mask_11 (alias of shore_mask_8)
shore_mask_12 (alias of shore_mask_8)
shore_mask_13 (alias of shore_mask_8)
shore_mask_14 (alias of shore_mask_8)
shore_mask_15 (alias of shore_mask_8)
transition_from_dirt_corner__down-left_0 (alias of edge_dirt_8)
transition_from_dirt_corner__left-up_0 (alias of edge_dirt_1)
transition_from_dirt_corner__right-down_0 (alias of edge_dirt_4)
transition_from_dirt_corner__up-right_0 (alias of edge_dirt_2)
transition_from_dirt_edge__down-left_0 (alias of edge_dirt_7)
transition_from_dirt_edge__down-right-up-left_0 (alias of edge_dirt_5)
transition_from_dirt_edge__left-down-right-up_0 (alias of edge_dirt_10)
transition_from_dirt_edge__right-down_0 (alias of edge_dirt_11)
transition_from_dirt_straight__N_0 (alias of edge_dirt_3)
transition_from_dirt_straight__S_0 (alias of edge_dirt_12)
transition_from_grass_corner__down-left_0 (alias of edge_grass_2)
transition_from_grass_corner__left-up_0 (alias of edge_grass_4)
transition_from_grass_corner__right-down_0 (alias of edge_grass_1)
transition_from_grass_corner__up-right_0 (alias of edge_grass_8)
transition_from_grass_edge__down-left_0 (alias of edge_grass_7)
transition_from_grass_edge__up-left-down-right_0 (alias of edge_grass_5)
transition_from_grass_edge__up-right_0 (alias of edge_grass_13)
transition_from_grass_straight__E_0 (alias of edge_grass_6)
transition_from_grass_straight__N_0 (alias of edge_grass_3)
transition_from_grass_straight__S_0 (alias of edge_grass_12)
transition_from_grass_straight__W_0 (alias of edge_grass_9)
ts_dirt_0 (alias of edge_dirt_14)
ts_dirt_solid_0 (alias of edge_dirt_14)
ts_grass_0 (alias of edge_grass_10)
ts_r00_c00_0 (alias of edge_grass_10)
ts_r00_c01_0 (alias of road_mask_0)
ts_rock_0 (alias of edge_rock_11)
ts_sand_0 (alias of edge_sand_1)
ts_snow_0 (alias of edge_snow_1)
water_fill_0 (alias of water_deep_0)
Packing................
Writing 2048x2048: C:\Users\kuehn\Desktop\Chatty Projekt\FuckUSurvivall Projekt\FuckUSurvivALL V0.083\assets\atlas\static.png

> Task :packAtlasUi
Picked up JAVA_TOOL_OPTIONS: -XX:ErrorFile=%CD%\hs_err_pid%p.log
Reading: C:\Users\kuehn\Desktop\Chatty Projekt\FuckUSurvivall Projekt\FuckUSurvivALL V0.083\assets\atlas\src_ui
Packing..........
Writing 1024x512: C:\Users\kuehn\Desktop\Chatty Projekt\FuckUSurvivall Projekt\FuckUSurvivALL V0.083\assets\atlas\ui.png

> Task :packAtlas

BUILD SUCCESSFUL in 22s
3 actionable tasks: 3 executed
Consider enabling configuration cache to speed up this build: https://docs.gradle.org/9.5.0-milestone-2/userguide/configuration_cache_enabling.html
---- REPACK Fri Feb 27 12:45:51 CET 2026 ----
cwd=\
cmd=[cmd, /c, C:\Users\kuehn\Desktop\Chatty Projekt\FuckUSurvivall Projekt\FuckUSurvivALL V0.083\gradlew.bat, packAtlas]
Picked up JAVA_TOOL_OPTIONS: -XX:ErrorFile=%CD%\hs_err_pid%p.log
---- REPACK Fri Feb 27 12:45:51 CET 2026 ----
cwd=\
cmd=[cmd, /c, C:\Users\kuehn\Desktop\Chatty Projekt\FuckUSurvivall Projekt\FuckUSurvivALL V0.083\gradlew.bat, packAtlas]
Picked up JAVA_TOOL_OPTIONS: -XX:ErrorFile=%CD%\hs_err_pid%p.log
To honour the JVM settings for this build a single-use Daemon process will be forked. For more on this, please refer to https://docs.gradle.org/9.5.0-milestone-2/userguide/gradle_daemon.html#sec:disabling_the_daemon in the Gradle documentation.
To honour the JVM settings for this build a single-use Daemon process will be forked. For more on this, please refer to https://docs.gradle.org/9.5.0-milestone-2/userguide/gradle_daemon.html#sec:disabling_the_daemon in the Gradle documentation.
Daemon will be stopped at the end of the build 
Daemon will be stopped at the end of the build 

> Task :packAtlasLiving
Picked up JAVA_TOOL_OPTIONS: -XX:ErrorFile=%CD%\hs_err_pid%p.log
Reading: C:\Users\kuehn\Desktop\Chatty Projekt\FuckUSurvivall Projekt\FuckUSurvivALL V0.083\assets\atlas\src_living
animal_bear_death_E_3 (alias of animal_bear_death_E_1)
animal_bear_death_E_4 (alias of animal_bear_death_E_0)
animal_bear_death_N_3 (alias of animal_bear_death_N_1)
animal_bear_death_S_3 (alias of animal_bear_death_S_1)
animal_bear_death_W_3 (alias of animal_bear_death_W_1)
animal_boar_walk_E_0 (alias of animal_bear_walk_E_0)
animal_boar_walk_E_1 (alias of animal_bear_walk_E_1)
animal_boar_walk_E_2 (alias of animal_bear_walk_E_2)
animal_boar_walk_E_3 (alias of animal_bear_walk_E_3)
animal_boar_walk_E_4 (alias of animal_bear_walk_E_4)
animal_boar_walk_E_5 (alias of animal_bear_walk_E_5)
merchant_elf_idle_1 (alias of merchant_elf_idle)
merchant_elf_idle_O_1 (alias of merchant_elf_idle_E_1)
merchant_elf_idle_O_2 (alias of merchant_elf_idle_E_2)
merchant_elf_idle_O_3 (alias of merchant_elf_idle_E_3)
merchant_elf_idle_O_4 (alias of merchant_elf_idle_E_4)
merchant_elf_idle_S_2 (alias of merchant_elf_idle_S)
merchant_elf_idle_S_5 (alias of merchant_elf_idle_N_2)
merchant_elf_idle_W_3 (alias of merchant_elf_idle)
merchant_elf_idle_W_4 (alias of merchant_elf_idle_0)

> Task :packAtlasLiving
Picked up JAVA_TOOL_OPTIONS: -XX:ErrorFile=%CD%\hs_err_pid%p.log
Reading: C:\Users\kuehn\Desktop\Chatty Projekt\FuckUSurvivall Projekt\FuckUSurvivALL V0.083\assets\atlas\src_living
animal_bear_death_E_3 (alias of animal_bear_death_E_1)
animal_bear_death_E_4 (alias of animal_bear_death_E_0)
animal_bear_death_N_3 (alias of animal_bear_death_N_1)
animal_bear_death_S_3 (alias of animal_bear_death_S_1)
animal_bear_death_W_3 (alias of animal_bear_death_W_1)
animal_boar_walk_E_0 (alias of animal_bear_walk_E_0)
animal_boar_walk_E_1 (alias of animal_bear_walk_E_1)
animal_boar_walk_E_2 (alias of animal_bear_walk_E_2)
animal_boar_walk_E_3 (alias of animal_bear_walk_E_3)
animal_boar_walk_E_4 (alias of animal_bear_walk_E_4)
animal_boar_walk_E_5 (alias of animal_bear_walk_E_5)
merchant_elf_idle_1 (alias of merchant_elf_idle)
merchant_elf_idle_O_1 (alias of merchant_elf_idle_E_1)
merchant_elf_idle_O_2 (alias of merchant_elf_idle_E_2)
merchant_elf_idle_O_3 (alias of merchant_elf_idle_E_3)
merchant_elf_idle_O_4 (alias of merchant_elf_idle_E_4)
merchant_elf_idle_S_2 (alias of merchant_elf_idle_S)
merchant_elf_idle_S_5 (alias of merchant_elf_idle_N_2)
merchant_elf_idle_W_3 (alias of merchant_elf_idle)
merchant_elf_idle_W_4 (alias of merchant_elf_idle_0)
player_idle_E_3 (alias of player_idle_E_1)
player_idle_E_4 (alias of player_idle_E_1)
player_idle_E_5 (alias of player_idle_E_1)
player_idle_N_3 (alias of player_idle_N_1)
player_idle_N_4 (alias of player_idle_N_0)
player_idle_S_3 (alias of player_idle_S_1)
player_idle_S_4 (alias of player_idle_S_0)
player_idle_W_3 (alias of player_idle_W_1)
player_idle_W_4 (alias of player_idle_W_0)
player_idle_E_3 (alias of player_idle_E_1)
player_idle_E_4 (alias of player_idle_E_1)
player_idle_E_5 (alias of player_idle_E_1)
player_idle_N_3 (alias of player_idle_N_1)
player_idle_N_4 (alias of player_idle_N_0)
player_idle_S_3 (alias of player_idle_S_1)
player_idle_S_4 (alias of player_idle_S_0)
player_idle_W_3 (alias of player_idle_W_1)
player_idle_W_4 (alias of player_idle_W_0)
Packing............
Writing 4096x1024: C:\Users\kuehn\Desktop\Chatty Projekt\FuckUSurvivall Projekt\FuckUSurvivALL V0.083\assets\atlas\living.png
Packing............
Writing 4096x1024: C:\Users\kuehn\Desktop\Chatty Projekt\FuckUSurvivall Projekt\FuckUSurvivALL V0.083\assets\atlas\living.png
Exception in thread "main" java.lang.RuntimeException: Error packing images.
	at com.badlogic.gdx.tools.texturepacker.TexturePacker.process(TexturePacker.java:754)
	at com.badlogic.gdx.tools.texturepacker.TexturePacker.process(TexturePacker.java:741)
	at com.badlogic.gdx.tools.texturepacker.TexturePacker.main(TexturePacker.java:1031)
Caused by: java.lang.Exception: Error processing directory: C:\Users\kuehn\Desktop\Chatty Projekt\FuckUSurvivall Projekt\FuckUSurvivALL V0.083\assets\atlas\src_living
	at com.badlogic.gdx.tools.FileProcessor.process(FileProcessor.java:158)
	at com.badlogic.gdx.tools.texturepacker.TexturePackerFileProcessor.process(TexturePackerFileProcessor.java:135)
	at com.badlogic.gdx.tools.FileProcessor.process(FileProcessor.java:122)
	at com.badlogic.gdx.tools.texturepacker.TexturePackerFileProcessor.process(TexturePackerFileProcessor.java:117)
	at com.badlogic.gdx.tools.texturepacker.TexturePacker.process(TexturePacker.java:752)
	... 2 more
Caused by: com.badlogic.gdx.utils.GdxRuntimeException: A region with the name "animal_bear_death_E" has already been packed: animal_bear_death_E
	at com.badlogic.gdx.tools.texturepacker.TexturePacker.writePackFile(TexturePacker.java:398)
	at com.badlogic.gdx.tools.texturepacker.TexturePacker.pack(TexturePacker.java:185)
	at com.badlogic.gdx.tools.texturepacker.TexturePackerFileProcessor.pack(TexturePackerFileProcessor.java:290)
	at com.badlogic.gdx.tools.texturepacker.TexturePackerFileProcessor.processDir(TexturePackerFileProcessor.java:285)
	at com.badlogic.gdx.tools.FileProcessor.process(FileProcessor.java:156)
	... 6 more

> Task :packAtlasLiving FAILED

FAILURE: Build failed with an exception.

* What went wrong:
Execution failed for task ':packAtlasLiving'.
> Process 'command 'C:\Program Files\Eclipse Adoptium\jdk-21.0.10.7-hotspot\bin\java.exe'' finished with non-zero exit value 1

* Try:
> Run with --stacktrace option to get the stack trace.
> Run with --info or --debug option to get more log output.
> Run with --scan to get full insights from a Build Scan (powered by Develocity).
> Get more help at https://help.gradle.org.

BUILD FAILED in 23s
1 actionable task: 1 executed

> Task :packAtlasStatic
Picked up JAVA_TOOL_OPTIONS: -XX:ErrorFile=%CD%\hs_err_pid%p.log
Reading: C:\Users\kuehn\Desktop\Chatty Projekt\FuckUSurvivall Projekt\FuckUSurvivALL V0.083\assets\atlas\src_static
build_workbench_S_1 (alias of build_workbench)
deco_water_rock_1 (alias of deco_grass_tuft_2)
deco_water_rock_3 (alias of deco_grass_tuft_0)
edge_dirt_15 (alias of edge_dirt_14)
edge_grass_14 (alias of edge_grass_11)
edge_rock_15 (alias of edge_rock_11)
edge_sand_10 (alias of edge_sand_1)
edge_sand_11 (alias of edge_sand_1)
edge_sand_14 (alias of edge_sand_1)
edge_snow_0 (alias of edge_rock_0)
edge_snow_4 (alias of edge_snow_1)
edge_snow_10 (alias of edge_snow_1)
edge_snow_11 (alias of edge_snow_1)
edge_snow_14 (alias of edge_snow_1)
edge_snow_15 (alias of edge_snow_1)
ground_grass_0 (alias of edge_grass_15)
node_herbs (alias of node_bush)
road_mask_7 (alias of road_mask_5)
road_mask_11 (alias of road_mask_10)
road_mask_13 (alias of road_mask_5)
road_mask_14 (alias of road_mask_10)
road_mask_15 (alias of road_mask_0)
shore_mask_0 (alias of edge_rock_0)
shore_mask_3 (alias of shore_mask_2)
shore_mask_5 (alias of shore_mask_4)
shore_mask_6 (alias of shore_mask_4)
shore_mask_7 (alias of shore_mask_4)
shore_mask_9 (alias of shore_mask_8)
shore_mask_10 (alias of shore_mask_8)
shore_mask_11 (alias of shore_mask_8)
shore_mask_12 (alias of shore_mask_8)
shore_mask_13 (alias of shore_mask_8)
shore_mask_14 (alias of shore_mask_8)
shore_mask_15 (alias of shore_mask_8)
transition_from_dirt_corner__down-left_0 (alias of edge_dirt_8)
transition_from_dirt_corner__left-up_0 (alias of edge_dirt_1)
transition_from_dirt_corner__right-down_0 (alias of edge_dirt_4)
transition_from_dirt_corner__up-right_0 (alias of edge_dirt_2)
transition_from_dirt_edge__down-left_0 (alias of edge_dirt_7)
transition_from_dirt_edge__down-right-up-left_0 (alias of edge_dirt_5)
transition_from_dirt_edge__left-down-right-up_0 (alias of edge_dirt_10)
transition_from_dirt_edge__right-down_0 (alias of edge_dirt_11)
transition_from_dirt_straight__N_0 (alias of edge_dirt_3)
transition_from_dirt_straight__S_0 (alias of edge_dirt_12)
transition_from_grass_corner__down-left_0 (alias of edge_grass_2)
transition_from_grass_corner__left-up_0 (alias of edge_grass_4)
transition_from_grass_corner__right-down_0 (alias of edge_grass_1)
transition_from_grass_corner__up-right_0 (alias of edge_grass_8)
transition_from_grass_edge__down-left_0 (alias of edge_grass_7)
transition_from_grass_edge__left-down-right-up_0 (alias of edge_grass_10)
transition_from_grass_edge__left-up_0 (alias of edge_grass_11)
transition_from_grass_edge__up-left-down-right_0 (alias of edge_grass_5)
transition_from_grass_edge__up-right_0 (alias of edge_grass_13)
transition_from_grass_straight__E_0 (alias of edge_grass_6)
transition_from_grass_straight__N_0 (alias of edge_grass_3)
transition_from_grass_straight__S_0 (alias of edge_grass_12)
transition_from_grass_straight__W_0 (alias of edge_grass_9)
ts_dirt_0 (alias of edge_dirt_14)
ts_dirt_solid_0 (alias of edge_dirt_14)
ts_grass_0 (alias of edge_grass_15)
ts_r00_c00_0 (alias of edge_grass_15)
ts_r00_c01_0 (alias of road_mask_0)
ts_rock_0 (alias of edge_rock_11)
ts_sand_0 (alias of edge_sand_1)
ts_snow_0 (alias of edge_snow_1)
water_fill_0 (alias of water_deep_0)
Packing................
Writing 2048x2048: C:\Users\kuehn\Desktop\Chatty Projekt\FuckUSurvivall Projekt\FuckUSurvivALL V0.083\assets\atlas\static.png

> Task :packAtlasUi
Picked up JAVA_TOOL_OPTIONS: -XX:ErrorFile=%CD%\hs_err_pid%p.log
Reading: C:\Users\kuehn\Desktop\Chatty Projekt\FuckUSurvivall Projekt\FuckUSurvivALL V0.083\assets\atlas\src_ui
Packing..........
Writing 1024x512: C:\Users\kuehn\Desktop\Chatty Projekt\FuckUSurvivall Projekt\FuckUSurvivALL V0.083\assets\atlas\ui.png

> Task :packAtlas

BUILD SUCCESSFUL in 27s
3 actionable tasks: 3 executed
Consider enabling configuration cache to speed up this build: https://docs.gradle.org/9.5.0-milestone-2/userguide/configuration_cache_enabling.html
